n_test,n_classes,n_features,accuracy,balanced_accuracy,precision_macro,recall_macro,f1_macro,f1_weighted,mcc,train_seconds,inference_seconds,inference_ms_per_1000,model_size_kb,minority_recall_mean,worst_class_recall,worst_class_label,false_positive_rate,false_negative_rate,roc_auc,pr_auc,run_id,task,target_col,model_name,feature_strategy,top_k,class_weight,holdout_device,train_rows,test_rows,feature_names,roc_auc_ovr_macro,pr_auc_macro,pr_auc_weighted
55000,2,115,1.0,1.0,1.0,1.0,1.0,1.0,1.0,3.5556032999993477,0.07282860000032088,1.3241563636421976,586.8427734375,1.0,1.0,0,0.0,0.0,1.0,1.0,nb_binary_lgbm_weighted,binary,binary_label,lgbm,all,,True,Danmini_Doorbell,390000,55000,"[""MI_dir_L5_weight"", ""MI_dir_L5_mean"", ""MI_dir_L5_variance"", ""MI_dir_L3_weight"", ""MI_dir_L3_mean"", ""MI_dir_L3_variance"", ""MI_dir_L1_weight"", ""MI_dir_L1_mean"", ""MI_dir_L1_variance"", ""MI_dir_L0.1_weight"", ""MI_dir_L0.1_mean"", ""MI_dir_L0.1_variance"", ""MI_dir_L0.01_weight"", ""MI_dir_L0.01_mean"", ""MI_dir_L0.01_variance"", ""H_L5_weight"", ""H_L5_mean"", ""H_L5_variance"", ""H_L3_weight"", ""H_L3_mean"", ""H_L3_variance"", ""H_L1_weight"", ""H_L1_mean"", ""H_L1_variance"", ""H_L0.1_weight"", ""H_L0.1_mean"", ""H_L0.1_variance"", ""H_L0.01_weight"", ""H_L0.01_mean"", ""H_L0.01_variance"", ""HH_L5_weight"", ""HH_L5_mean"", ""HH_L5_std"", ""HH_L5_magnitude"", ""HH_L5_radius"", ""HH_L5_covariance"", ""HH_L5_pcc"", ""HH_L3_weight"", ""HH_L3_mean"", ""HH_L3_std"", ""HH_L3_magnitude"", ""HH_L3_radius"", ""HH_L3_covariance"", ""HH_L3_pcc"", ""HH_L1_weight"", ""HH_L1_mean"", ""HH_L1_std"", ""HH_L1_magnitude"", ""HH_L1_radius"", ""HH_L1_covariance"", ""HH_L1_pcc"", ""HH_L0.1_weight"", ""HH_L0.1_mean"", ""HH_L0.1_std"", ""HH_L0.1_magnitude"", ""HH_L0.1_radius"", ""HH_L0.1_covariance"", ""HH_L0.1_pcc"", ""HH_L0.01_weight"", ""HH_L0.01_mean"", ""HH_L0.01_std"", ""HH_L0.01_magnitude"", ""HH_L0.01_radius"", ""HH_L0.01_covariance"", ""HH_L0.01_pcc"", ""HH_jit_L5_weight"", ""HH_jit_L5_mean"", ""HH_jit_L5_variance"", ""HH_jit_L3_weight"", ""HH_jit_L3_mean"", ""HH_jit_L3_variance"", ""HH_jit_L1_weight"", ""HH_jit_L1_mean"", ""HH_jit_L1_variance"", ""HH_jit_L0.1_weight"", ""HH_jit_L0.1_mean"", ""HH_jit_L0.1_variance"", ""HH_jit_L0.01_weight"", ""HH_jit_L0.01_mean"", ""HH_jit_L0.01_variance"", ""HpHp_L5_weight"", ""HpHp_L5_mean"", ""HpHp_L5_std"", ""HpHp_L5_magnitude"", ""HpHp_L5_radius"", ""HpHp_L5_covariance"", ""HpHp_L5_pcc"", ""HpHp_L3_weight"", ""HpHp_L3_mean"", ""HpHp_L3_std"", ""HpHp_L3_magnitude"", ""HpHp_L3_radius"", ""HpHp_L3_covariance"", ""HpHp_L3_pcc"", ""HpHp_L1_weight"", ""HpHp_L1_mean"", ""HpHp_L1_std"", ""HpHp_L1_magnitude"", ""HpHp_L1_radius"", ""HpHp_L1_covariance"", ""HpHp_L1_pcc"", ""HpHp_L0.1_weight"", ""HpHp_L0.1_mean"", ""HpHp_L0.1_std"", ""HpHp_L0.1_magnitude"", ""HpHp_L0.1_radius"", ""HpHp_L0.1_covariance"", ""HpHp_L0.1_pcc"", ""HpHp_L0.01_weight"", ""HpHp_L0.01_mean"", ""HpHp_L0.01_std"", ""HpHp_L0.01_magnitude"", ""HpHp_L0.01_radius"", ""HpHp_L0.01_covariance"", ""HpHp_L0.01_pcc""]",,,
55000,2,115,0.9999272727272728,0.99978,0.99978,0.99978,0.99978,0.9999272727272728,0.99956,3.3490466000002925,0.05864789999941422,1.066325454534804,521.015625,0.9996,0.9996,0,0.0004,4e-05,0.99999996,0.99999999600016,nb_binary_lgbm_weighted,binary,binary_label,lgbm,all,,True,Ecobee_Thermostat,390000,55000,"[""MI_dir_L5_weight"", ""MI_dir_L5_mean"", ""MI_dir_L5_variance"", ""MI_dir_L3_weight"", ""MI_dir_L3_mean"", ""MI_dir_L3_variance"", ""MI_dir_L1_weight"", ""MI_dir_L1_mean"", ""MI_dir_L1_variance"", ""MI_dir_L0.1_weight"", ""MI_dir_L0.1_mean"", ""MI_dir_L0.1_variance"", ""MI_dir_L0.01_weight"", ""MI_dir_L0.01_mean"", ""MI_dir_L0.01_variance"", ""H_L5_weight"", ""H_L5_mean"", ""H_L5_variance"", ""H_L3_weight"", ""H_L3_mean"", ""H_L3_variance"", ""H_L1_weight"", ""H_L1_mean"", ""H_L1_variance"", ""H_L0.1_weight"", ""H_L0.1_mean"", ""H_L0.1_variance"", ""H_L0.01_weight"", ""H_L0.01_mean"", ""H_L0.01_variance"", ""HH_L5_weight"", ""HH_L5_mean"", ""HH_L5_std"", ""HH_L5_magnitude"", ""HH_L5_radius"", ""HH_L5_covariance"", ""HH_L5_pcc"", ""HH_L3_weight"", ""HH_L3_mean"", ""HH_L3_std"", ""HH_L3_magnitude"", ""HH_L3_radius"", ""HH_L3_covariance"", ""HH_L3_pcc"", ""HH_L1_weight"", ""HH_L1_mean"", ""HH_L1_std"", ""HH_L1_magnitude"", ""HH_L1_radius"", ""HH_L1_covariance"", ""HH_L1_pcc"", ""HH_L0.1_weight"", ""HH_L0.1_mean"", ""HH_L0.1_std"", ""HH_L0.1_magnitude"", ""HH_L0.1_radius"", ""HH_L0.1_covariance"", ""HH_L0.1_pcc"", ""HH_L0.01_weight"", ""HH_L0.01_mean"", ""HH_L0.01_std"", ""HH_L0.01_magnitude"", ""HH_L0.01_radius"", ""HH_L0.01_covariance"", ""HH_L0.01_pcc"", ""HH_jit_L5_weight"", ""HH_jit_L5_mean"", ""HH_jit_L5_variance"", ""HH_jit_L3_weight"", ""HH_jit_L3_mean"", ""HH_jit_L3_variance"", ""HH_jit_L1_weight"", ""HH_jit_L1_mean"", ""HH_jit_L1_variance"", ""HH_jit_L0.1_weight"", ""HH_jit_L0.1_mean"", ""HH_jit_L0.1_variance"", ""HH_jit_L0.01_weight"", ""HH_jit_L0.01_mean"", ""HH_jit_L0.01_variance"", ""HpHp_L5_weight"", ""HpHp_L5_mean"", ""HpHp_L5_std"", ""HpHp_L5_magnitude"", ""HpHp_L5_radius"", ""HpHp_L5_covariance"", ""HpHp_L5_pcc"", ""HpHp_L3_weight"", ""HpHp_L3_mean"", ""HpHp_L3_std"", ""HpHp_L3_magnitude"", ""HpHp_L3_radius"", ""HpHp_L3_covariance"", ""HpHp_L3_pcc"", ""HpHp_L1_weight"", ""HpHp_L1_mean"", ""HpHp_L1_std"", ""HpHp_L1_magnitude"", ""HpHp_L1_radius"", ""HpHp_L1_covariance"", ""HpHp_L1_pcc"", ""HpHp_L0.1_weight"", ""HpHp_L0.1_mean"", ""HpHp_L0.1_std"", ""HpHp_L0.1_magnitude"", ""HpHp_L0.1_radius"", ""HpHp_L0.1_covariance"", ""HpHp_L0.1_pcc"", ""HpHp_L0.01_weight"", ""HpHp_L0.01_mean"", ""HpHp_L0.01_std"", ""HpHp_L0.01_magnitude"", ""HpHp_L0.01_radius"", ""HpHp_L0.01_covariance"", ""HpHp_L0.01_pcc""]",,,
30000,2,115,0.9998333333333334,0.9995,0.9999000199960009,0.9995,0.9996998799369687,0.9998332999783229,0.999399939939967,3.4958440999998857,0.036011600000165345,1.200386666672178,558.67578125,0.999,0.999,0,0.001,0.0,1.0,1.0,nb_binary_lgbm_weighted,binary,binary_label,lgbm,all,,True,Ennio_Doorbell,415000,30000,"[""MI_dir_L5_weight"", ""MI_dir_L5_mean"", ""MI_dir_L5_variance"", ""MI_dir_L3_weight"", ""MI_dir_L3_mean"", ""MI_dir_L3_variance"", ""MI_dir_L1_weight"", ""MI_dir_L1_mean"", ""MI_dir_L1_variance"", ""MI_dir_L0.1_weight"", ""MI_dir_L0.1_mean"", ""MI_dir_L0.1_variance"", ""MI_dir_L0.01_weight"", ""MI_dir_L0.01_mean"", ""MI_dir_L0.01_variance"", ""H_L5_weight"", ""H_L5_mean"", ""H_L5_variance"", ""H_L3_weight"", ""H_L3_mean"", ""H_L3_variance"", ""H_L1_weight"", ""H_L1_mean"", ""H_L1_variance"", ""H_L0.1_weight"", ""H_L0.1_mean"", ""H_L0.1_variance"", ""H_L0.01_weight"", ""H_L0.01_mean"", ""H_L0.01_variance"", ""HH_L5_weight"", ""HH_L5_mean"", ""HH_L5_std"", ""HH_L5_magnitude"", ""HH_L5_radius"", ""HH_L5_covariance"", ""HH_L5_pcc"", ""HH_L3_weight"", ""HH_L3_mean"", ""HH_L3_std"", ""HH_L3_magnitude"", ""HH_L3_radius"", ""HH_L3_covariance"", ""HH_L3_pcc"", ""HH_L1_weight"", ""HH_L1_mean"", ""HH_L1_std"", ""HH_L1_magnitude"", ""HH_L1_radius"", ""HH_L1_covariance"", ""HH_L1_pcc"", ""HH_L0.1_weight"", ""HH_L0.1_mean"", ""HH_L0.1_std"", ""HH_L0.1_magnitude"", ""HH_L0.1_radius"", ""HH_L0.1_covariance"", ""HH_L0.1_pcc"", ""HH_L0.01_weight"", ""HH_L0.01_mean"", ""HH_L0.01_std"", ""HH_L0.01_magnitude"", ""HH_L0.01_radius"", ""HH_L0.01_covariance"", ""HH_L0.01_pcc"", ""HH_jit_L5_weight"", ""HH_jit_L5_mean"", ""HH_jit_L5_variance"", ""HH_jit_L3_weight"", ""HH_jit_L3_mean"", ""HH_jit_L3_variance"", ""HH_jit_L1_weight"", ""HH_jit_L1_mean"", ""HH_jit_L1_variance"", ""HH_jit_L0.1_weight"", ""HH_jit_L0.1_mean"", ""HH_jit_L0.1_variance"", ""HH_jit_L0.01_weight"", ""HH_jit_L0.01_mean"", ""HH_jit_L0.01_variance"", ""HpHp_L5_weight"", ""HpHp_L5_mean"", ""HpHp_L5_std"", ""HpHp_L5_magnitude"", ""HpHp_L5_radius"", ""HpHp_L5_covariance"", ""HpHp_L5_pcc"", ""HpHp_L3_weight"", ""HpHp_L3_mean"", ""HpHp_L3_std"", ""HpHp_L3_magnitude"", ""HpHp_L3_radius"", ""HpHp_L3_covariance"", ""HpHp_L3_pcc"", ""HpHp_L1_weight"", ""HpHp_L1_mean"", ""HpHp_L1_std"", ""HpHp_L1_magnitude"", ""HpHp_L1_radius"", ""HpHp_L1_covariance"", ""HpHp_L1_pcc"", ""HpHp_L0.1_weight"", ""HpHp_L0.1_mean"", ""HpHp_L0.1_std"", ""HpHp_L0.1_magnitude"", ""HpHp_L0.1_radius"", ""HpHp_L0.1_covariance"", ""HpHp_L0.1_pcc"", ""HpHp_L0.01_weight"", ""HpHp_L0.01_mean"", ""HpHp_L0.01_std"", ""HpHp_L0.01_magnitude"", ""HpHp_L0.01_radius"", ""HpHp_L0.01_covariance"", ""HpHp_L0.01_pcc""]",,,
55000,2,115,0.9413272727272727,0.96746,0.8038847327725186,0.96746,0.8612873018724431,0.9474980462288742,0.7538009211505159,3.2505731999999625,0.068612199999734,1.2474945454497093,523.8779296875,0.9994,0.93552,1,0.0006,0.06448,0.985139992,0.9985435898487153,nb_binary_lgbm_weighted,binary,binary_label,lgbm,all,,True,Philips_B120N10_Baby_Monitor,390000,55000,"[""MI_dir_L5_weight"", ""MI_dir_L5_mean"", ""MI_dir_L5_variance"", ""MI_dir_L3_weight"", ""MI_dir_L3_mean"", ""MI_dir_L3_variance"", ""MI_dir_L1_weight"", ""MI_dir_L1_mean"", ""MI_dir_L1_variance"", ""MI_dir_L0.1_weight"", ""MI_dir_L0.1_mean"", ""MI_dir_L0.1_variance"", ""MI_dir_L0.01_weight"", ""MI_dir_L0.01_mean"", ""MI_dir_L0.01_variance"", ""H_L5_weight"", ""H_L5_mean"", ""H_L5_variance"", ""H_L3_weight"", ""H_L3_mean"", ""H_L3_variance"", ""H_L1_weight"", ""H_L1_mean"", ""H_L1_variance"", ""H_L0.1_weight"", ""H_L0.1_mean"", ""H_L0.1_variance"", ""H_L0.01_weight"", ""H_L0.01_mean"", ""H_L0.01_variance"", ""HH_L5_weight"", ""HH_L5_mean"", ""HH_L5_std"", ""HH_L5_magnitude"", ""HH_L5_radius"", ""HH_L5_covariance"", ""HH_L5_pcc"", ""HH_L3_weight"", ""HH_L3_mean"", ""HH_L3_std"", ""HH_L3_magnitude"", ""HH_L3_radius"", ""HH_L3_covariance"", ""HH_L3_pcc"", ""HH_L1_weight"", ""HH_L1_mean"", ""HH_L1_std"", ""HH_L1_magnitude"", ""HH_L1_radius"", ""HH_L1_covariance"", ""HH_L1_pcc"", ""HH_L0.1_weight"", ""HH_L0.1_mean"", ""HH_L0.1_std"", ""HH_L0.1_magnitude"", ""HH_L0.1_radius"", ""HH_L0.1_covariance"", ""HH_L0.1_pcc"", ""HH_L0.01_weight"", ""HH_L0.01_mean"", ""HH_L0.01_std"", ""HH_L0.01_magnitude"", ""HH_L0.01_radius"", ""HH_L0.01_covariance"", ""HH_L0.01_pcc"", ""HH_jit_L5_weight"", ""HH_jit_L5_mean"", ""HH_jit_L5_variance"", ""HH_jit_L3_weight"", ""HH_jit_L3_mean"", ""HH_jit_L3_variance"", ""HH_jit_L1_weight"", ""HH_jit_L1_mean"", ""HH_jit_L1_variance"", ""HH_jit_L0.1_weight"", ""HH_jit_L0.1_mean"", ""HH_jit_L0.1_variance"", ""HH_jit_L0.01_weight"", ""HH_jit_L0.01_mean"", ""HH_jit_L0.01_variance"", ""HpHp_L5_weight"", ""HpHp_L5_mean"", ""HpHp_L5_std"", ""HpHp_L5_magnitude"", ""HpHp_L5_radius"", ""HpHp_L5_covariance"", ""HpHp_L5_pcc"", ""HpHp_L3_weight"", ""HpHp_L3_mean"", ""HpHp_L3_std"", ""HpHp_L3_magnitude"", ""HpHp_L3_radius"", ""HpHp_L3_covariance"", ""HpHp_L3_pcc"", ""HpHp_L1_weight"", ""HpHp_L1_mean"", ""HpHp_L1_std"", ""HpHp_L1_magnitude"", ""HpHp_L1_radius"", ""HpHp_L1_covariance"", ""HpHp_L1_pcc"", ""HpHp_L0.1_weight"", ""HpHp_L0.1_mean"", ""HpHp_L0.1_std"", ""HpHp_L0.1_magnitude"", ""HpHp_L0.1_radius"", ""HpHp_L0.1_covariance"", ""HpHp_L0.1_pcc"", ""HpHp_L0.01_weight"", ""HpHp_L0.01_mean"", ""HpHp_L0.01_std"", ""HpHp_L0.01_magnitude"", ""HpHp_L0.01_radius"", ""HpHp_L0.01_covariance"", ""HpHp_L0.01_pcc""]",,,
55000,2,115,0.998890909090909,0.9993000000000001,0.9940599624892815,0.9993000000000001,0.9966627093959987,0.9988938343436181,0.993346141626167,3.5089808999991874,0.08419000000048982,1.5307272727361785,558.9833984375,0.9998,0.9988,1,0.0002,0.0012,0.999999688,0.999999968782309,nb_binary_lgbm_weighted,binary,binary_label,lgbm,all,,True,Provision_PT_737E_Security_Camera,390000,55000,"[""MI_dir_L5_weight"", ""MI_dir_L5_mean"", ""MI_dir_L5_variance"", ""MI_dir_L3_weight"", ""MI_dir_L3_mean"", ""MI_dir_L3_variance"", ""MI_dir_L1_weight"", ""MI_dir_L1_mean"", ""MI_dir_L1_variance"", ""MI_dir_L0.1_weight"", ""MI_dir_L0.1_mean"", ""MI_dir_L0.1_variance"", ""MI_dir_L0.01_weight"", ""MI_dir_L0.01_mean"", ""MI_dir_L0.01_variance"", ""H_L5_weight"", ""H_L5_mean"", ""H_L5_variance"", ""H_L3_weight"", ""H_L3_mean"", ""H_L3_variance"", ""H_L1_weight"", ""H_L1_mean"", ""H_L1_variance"", ""H_L0.1_weight"", ""H_L0.1_mean"", ""H_L0.1_variance"", ""H_L0.01_weight"", ""H_L0.01_mean"", ""H_L0.01_variance"", ""HH_L5_weight"", ""HH_L5_mean"", ""HH_L5_std"", ""HH_L5_magnitude"", ""HH_L5_radius"", ""HH_L5_covariance"", ""HH_L5_pcc"", ""HH_L3_weight"", ""HH_L3_mean"", ""HH_L3_std"", ""HH_L3_magnitude"", ""HH_L3_radius"", ""HH_L3_covariance"", ""HH_L3_pcc"", ""HH_L1_weight"", ""HH_L1_mean"", ""HH_L1_std"", ""HH_L1_magnitude"", ""HH_L1_radius"", ""HH_L1_covariance"", ""HH_L1_pcc"", ""HH_L0.1_weight"", ""HH_L0.1_mean"", ""HH_L0.1_std"", ""HH_L0.1_magnitude"", ""HH_L0.1_radius"", ""HH_L0.1_covariance"", ""HH_L0.1_pcc"", ""HH_L0.01_weight"", ""HH_L0.01_mean"", ""HH_L0.01_std"", ""HH_L0.01_magnitude"", ""HH_L0.01_radius"", ""HH_L0.01_covariance"", ""HH_L0.01_pcc"", ""HH_jit_L5_weight"", ""HH_jit_L5_mean"", ""HH_jit_L5_variance"", ""HH_jit_L3_weight"", ""HH_jit_L3_mean"", ""HH_jit_L3_variance"", ""HH_jit_L1_weight"", ""HH_jit_L1_mean"", ""HH_jit_L1_variance"", ""HH_jit_L0.1_weight"", ""HH_jit_L0.1_mean"", ""HH_jit_L0.1_variance"", ""HH_jit_L0.01_weight"", ""HH_jit_L0.01_mean"", ""HH_jit_L0.01_variance"", ""HpHp_L5_weight"", ""HpHp_L5_mean"", ""HpHp_L5_std"", ""HpHp_L5_magnitude"", ""HpHp_L5_radius"", ""HpHp_L5_covariance"", ""HpHp_L5_pcc"", ""HpHp_L3_weight"", ""HpHp_L3_mean"", ""HpHp_L3_std"", ""HpHp_L3_magnitude"", ""HpHp_L3_radius"", ""HpHp_L3_covariance"", ""HpHp_L3_pcc"", ""HpHp_L1_weight"", ""HpHp_L1_mean"", ""HpHp_L1_std"", ""HpHp_L1_magnitude"", ""HpHp_L1_radius"", ""HpHp_L1_covariance"", ""HpHp_L1_pcc"", ""HpHp_L0.1_weight"", ""HpHp_L0.1_mean"", ""HpHp_L0.1_std"", ""HpHp_L0.1_magnitude"", ""HpHp_L0.1_radius"", ""HpHp_L0.1_covariance"", ""HpHp_L0.1_pcc"", ""HpHp_L0.01_weight"", ""HpHp_L0.01_mean"", ""HpHp_L0.01_std"", ""HpHp_L0.01_magnitude"", ""HpHp_L0.01_radius"", ""HpHp_L0.01_covariance"", ""HpHp_L0.01_pcc""]",,,
55000,2,115,0.9999272727272728,0.99969,0.9998699611839457,0.99969,0.9997799603919904,0.9999272661803488,0.9995599449838029,3.3933676000006017,0.06603180000001885,1.2005781818185246,535.5087890625,0.9994,0.9994,0,0.0006,2e-05,0.9999999799999999,0.9999999980002,nb_binary_lgbm_weighted,binary,binary_label,lgbm,all,,True,Provision_PT_838_Security_Camera,390000,55000,"[""MI_dir_L5_weight"", ""MI_dir_L5_mean"", ""MI_dir_L5_variance"", ""MI_dir_L3_weight"", ""MI_dir_L3_mean"", ""MI_dir_L3_variance"", ""MI_dir_L1_weight"", ""MI_dir_L1_mean"", ""MI_dir_L1_variance"", ""MI_dir_L0.1_weight"", ""MI_dir_L0.1_mean"", ""MI_dir_L0.1_variance"", ""MI_dir_L0.01_weight"", ""MI_dir_L0.01_mean"", ""MI_dir_L0.01_variance"", ""H_L5_weight"", ""H_L5_mean"", ""H_L5_variance"", ""H_L3_weight"", ""H_L3_mean"", ""H_L3_variance"", ""H_L1_weight"", ""H_L1_mean"", ""H_L1_variance"", ""H_L0.1_weight"", ""H_L0.1_mean"", ""H_L0.1_variance"", ""H_L0.01_weight"", ""H_L0.01_mean"", ""H_L0.01_variance"", ""HH_L5_weight"", ""HH_L5_mean"", ""HH_L5_std"", ""HH_L5_magnitude"", ""HH_L5_radius"", ""HH_L5_covariance"", ""HH_L5_pcc"", ""HH_L3_weight"", ""HH_L3_mean"", ""HH_L3_std"", ""HH_L3_magnitude"", ""HH_L3_radius"", ""HH_L3_covariance"", ""HH_L3_pcc"", ""HH_L1_weight"", ""HH_L1_mean"", ""HH_L1_std"", ""HH_L1_magnitude"", ""HH_L1_radius"", ""HH_L1_covariance"", ""HH_L1_pcc"", ""HH_L0.1_weight"", ""HH_L0.1_mean"", ""HH_L0.1_std"", ""HH_L0.1_magnitude"", ""HH_L0.1_radius"", ""HH_L0.1_covariance"", ""HH_L0.1_pcc"", ""HH_L0.01_weight"", ""HH_L0.01_mean"", ""HH_L0.01_std"", ""HH_L0.01_magnitude"", ""HH_L0.01_radius"", ""HH_L0.01_covariance"", ""HH_L0.01_pcc"", ""HH_jit_L5_weight"", ""HH_jit_L5_mean"", ""HH_jit_L5_variance"", ""HH_jit_L3_weight"", ""HH_jit_L3_mean"", ""HH_jit_L3_variance"", ""HH_jit_L1_weight"", ""HH_jit_L1_mean"", ""HH_jit_L1_variance"", ""HH_jit_L0.1_weight"", ""HH_jit_L0.1_mean"", ""HH_jit_L0.1_variance"", ""HH_jit_L0.01_weight"", ""HH_jit_L0.01_mean"", ""HH_jit_L0.01_variance"", ""HpHp_L5_weight"", ""HpHp_L5_mean"", ""HpHp_L5_std"", ""HpHp_L5_magnitude"", ""HpHp_L5_radius"", ""HpHp_L5_covariance"", ""HpHp_L5_pcc"", ""HpHp_L3_weight"", ""HpHp_L3_mean"", ""HpHp_L3_std"", ""HpHp_L3_magnitude"", ""HpHp_L3_radius"", ""HpHp_L3_covariance"", ""HpHp_L3_pcc"", ""HpHp_L1_weight"", ""HpHp_L1_mean"", ""HpHp_L1_std"", ""HpHp_L1_magnitude"", ""HpHp_L1_radius"", ""HpHp_L1_covariance"", ""HpHp_L1_pcc"", ""HpHp_L0.1_weight"", ""HpHp_L0.1_mean"", ""HpHp_L0.1_std"", ""HpHp_L0.1_magnitude"", ""HpHp_L0.1_radius"", ""HpHp_L0.1_covariance"", ""HpHp_L0.1_pcc"", ""HpHp_L0.01_weight"", ""HpHp_L0.01_mean"", ""HpHp_L0.01_std"", ""HpHp_L0.01_magnitude"", ""HpHp_L0.01_radius"", ""HpHp_L0.01_covariance"", ""HpHp_L0.01_pcc""]",,,
30000,2,115,1.0,1.0,1.0,1.0,1.0,1.0,1.0,3.57950720000008,0.0388055000003078,1.2935166666769269,559.517578125,1.0,1.0,0,0.0,0.0,1.0,1.0,nb_binary_lgbm_weighted,binary,binary_label,lgbm,all,,True,Samsung_SNH_1011_N_Webcam,415000,30000,"[""MI_dir_L5_weight"", ""MI_dir_L5_mean"", ""MI_dir_L5_variance"", ""MI_dir_L3_weight"", ""MI_dir_L3_mean"", ""MI_dir_L3_variance"", ""MI_dir_L1_weight"", ""MI_dir_L1_mean"", ""MI_dir_L1_variance"", ""MI_dir_L0.1_weight"", ""MI_dir_L0.1_mean"", ""MI_dir_L0.1_variance"", ""MI_dir_L0.01_weight"", ""MI_dir_L0.01_mean"", ""MI_dir_L0.01_variance"", ""H_L5_weight"", ""H_L5_mean"", ""H_L5_variance"", ""H_L3_weight"", ""H_L3_mean"", ""H_L3_variance"", ""H_L1_weight"", ""H_L1_mean"", ""H_L1_variance"", ""H_L0.1_weight"", ""H_L0.1_mean"", ""H_L0.1_variance"", ""H_L0.01_weight"", ""H_L0.01_mean"", ""H_L0.01_variance"", ""HH_L5_weight"", ""HH_L5_mean"", ""HH_L5_std"", ""HH_L5_magnitude"", ""HH_L5_radius"", ""HH_L5_covariance"", ""HH_L5_pcc"", ""HH_L3_weight"", ""HH_L3_mean"", ""HH_L3_std"", ""HH_L3_magnitude"", ""HH_L3_radius"", ""HH_L3_covariance"", ""HH_L3_pcc"", ""HH_L1_weight"", ""HH_L1_mean"", ""HH_L1_std"", ""HH_L1_magnitude"", ""HH_L1_radius"", ""HH_L1_covariance"", ""HH_L1_pcc"", ""HH_L0.1_weight"", ""HH_L0.1_mean"", ""HH_L0.1_std"", ""HH_L0.1_magnitude"", ""HH_L0.1_radius"", ""HH_L0.1_covariance"", ""HH_L0.1_pcc"", ""HH_L0.01_weight"", ""HH_L0.01_mean"", ""HH_L0.01_std"", ""HH_L0.01_magnitude"", ""HH_L0.01_radius"", ""HH_L0.01_covariance"", ""HH_L0.01_pcc"", ""HH_jit_L5_weight"", ""HH_jit_L5_mean"", ""HH_jit_L5_variance"", ""HH_jit_L3_weight"", ""HH_jit_L3_mean"", ""HH_jit_L3_variance"", ""HH_jit_L1_weight"", ""HH_jit_L1_mean"", ""HH_jit_L1_variance"", ""HH_jit_L0.1_weight"", ""HH_jit_L0.1_mean"", ""HH_jit_L0.1_variance"", ""HH_jit_L0.01_weight"", ""HH_jit_L0.01_mean"", ""HH_jit_L0.01_variance"", ""HpHp_L5_weight"", ""HpHp_L5_mean"", ""HpHp_L5_std"", ""HpHp_L5_magnitude"", ""HpHp_L5_radius"", ""HpHp_L5_covariance"", ""HpHp_L5_pcc"", ""HpHp_L3_weight"", ""HpHp_L3_mean"", ""HpHp_L3_std"", ""HpHp_L3_magnitude"", ""HpHp_L3_radius"", ""HpHp_L3_covariance"", ""HpHp_L3_pcc"", ""HpHp_L1_weight"", ""HpHp_L1_mean"", ""HpHp_L1_std"", ""HpHp_L1_magnitude"", ""HpHp_L1_radius"", ""HpHp_L1_covariance"", ""HpHp_L1_pcc"", ""HpHp_L0.1_weight"", ""HpHp_L0.1_mean"", ""HpHp_L0.1_std"", ""HpHp_L0.1_magnitude"", ""HpHp_L0.1_radius"", ""HpHp_L0.1_covariance"", ""HpHp_L0.1_pcc"", ""HpHp_L0.01_weight"", ""HpHp_L0.01_mean"", ""HpHp_L0.01_std"", ""HpHp_L0.01_magnitude"", ""HpHp_L0.01_radius"", ""HpHp_L0.01_covariance"", ""HpHp_L0.01_pcc""]",,,
55000,2,115,0.9982909090909091,0.9906900000000001,0.9989698335665473,0.9906900000000001,0.9947867905007409,0.9982837597315928,0.9896251969968611,3.4512013999992632,0.06735550000030344,1.2246454545509717,544.099609375,0.9814,0.9814,0,0.0186,2e-05,0.999999068,0.9999999069395613,nb_binary_lgbm_weighted,binary,binary_label,lgbm,all,,True,SimpleHome_XCS7_1002_WHT_Security_Camera,390000,55000,"[""MI_dir_L5_weight"", ""MI_dir_L5_mean"", ""MI_dir_L5_variance"", ""MI_dir_L3_weight"", ""MI_dir_L3_mean"", ""MI_dir_L3_variance"", ""MI_dir_L1_weight"", ""MI_dir_L1_mean"", ""MI_dir_L1_variance"", ""MI_dir_L0.1_weight"", ""MI_dir_L0.1_mean"", ""MI_dir_L0.1_variance"", ""MI_dir_L0.01_weight"", ""MI_dir_L0.01_mean"", ""MI_dir_L0.01_variance"", ""H_L5_weight"", ""H_L5_mean"", ""H_L5_variance"", ""H_L3_weight"", ""H_L3_mean"", ""H_L3_variance"", ""H_L1_weight"", ""H_L1_mean"", ""H_L1_variance"", ""H_L0.1_weight"", ""H_L0.1_mean"", ""H_L0.1_variance"", ""H_L0.01_weight"", ""H_L0.01_mean"", ""H_L0.01_variance"", ""HH_L5_weight"", ""HH_L5_mean"", ""HH_L5_std"", ""HH_L5_magnitude"", ""HH_L5_radius"", ""HH_L5_covariance"", ""HH_L5_pcc"", ""HH_L3_weight"", ""HH_L3_mean"", ""HH_L3_std"", ""HH_L3_magnitude"", ""HH_L3_radius"", ""HH_L3_covariance"", ""HH_L3_pcc"", ""HH_L1_weight"", ""HH_L1_mean"", ""HH_L1_std"", ""HH_L1_magnitude"", ""HH_L1_radius"", ""HH_L1_covariance"", ""HH_L1_pcc"", ""HH_L0.1_weight"", ""HH_L0.1_mean"", ""HH_L0.1_std"", ""HH_L0.1_magnitude"", ""HH_L0.1_radius"", ""HH_L0.1_covariance"", ""HH_L0.1_pcc"", ""HH_L0.01_weight"", ""HH_L0.01_mean"", ""HH_L0.01_std"", ""HH_L0.01_magnitude"", ""HH_L0.01_radius"", ""HH_L0.01_covariance"", ""HH_L0.01_pcc"", ""HH_jit_L5_weight"", ""HH_jit_L5_mean"", ""HH_jit_L5_variance"", ""HH_jit_L3_weight"", ""HH_jit_L3_mean"", ""HH_jit_L3_variance"", ""HH_jit_L1_weight"", ""HH_jit_L1_mean"", ""HH_jit_L1_variance"", ""HH_jit_L0.1_weight"", ""HH_jit_L0.1_mean"", ""HH_jit_L0.1_variance"", ""HH_jit_L0.01_weight"", ""HH_jit_L0.01_mean"", ""HH_jit_L0.01_variance"", ""HpHp_L5_weight"", ""HpHp_L5_mean"", ""HpHp_L5_std"", ""HpHp_L5_magnitude"", ""HpHp_L5_radius"", ""HpHp_L5_covariance"", ""HpHp_L5_pcc"", ""HpHp_L3_weight"", ""HpHp_L3_mean"", ""HpHp_L3_std"", ""HpHp_L3_magnitude"", ""HpHp_L3_radius"", ""HpHp_L3_covariance"", ""HpHp_L3_pcc"", ""HpHp_L1_weight"", ""HpHp_L1_mean"", ""HpHp_L1_std"", ""HpHp_L1_magnitude"", ""HpHp_L1_radius"", ""HpHp_L1_covariance"", ""HpHp_L1_pcc"", ""HpHp_L0.1_weight"", ""HpHp_L0.1_mean"", ""HpHp_L0.1_std"", ""HpHp_L0.1_magnitude"", ""HpHp_L0.1_radius"", ""HpHp_L0.1_covariance"", ""HpHp_L0.1_pcc"", ""HpHp_L0.01_weight"", ""HpHp_L0.01_mean"", ""HpHp_L0.01_std"", ""HpHp_L0.01_magnitude"", ""HpHp_L0.01_radius"", ""HpHp_L0.01_covariance"", ""HpHp_L0.01_pcc""]",,,
55000,2,115,0.9990545454545454,0.99939,0.994940485039495,0.99939,0.9971528052583506,0.999056660849647,0.9943205294549105,3.494629700000587,0.06018350000067585,1.0942454545577427,542.3271484375,0.9998,0.99898,1,0.0002,0.00102,0.999999772,0.9999999771924036,nb_binary_lgbm_weighted,binary,binary_label,lgbm,all,,True,SimpleHome_XCS7_1003_WHT_Security_Camera,390000,55000,"[""MI_dir_L5_weight"", ""MI_dir_L5_mean"", ""MI_dir_L5_variance"", ""MI_dir_L3_weight"", ""MI_dir_L3_mean"", ""MI_dir_L3_variance"", ""MI_dir_L1_weight"", ""MI_dir_L1_mean"", ""MI_dir_L1_variance"", ""MI_dir_L0.1_weight"", ""MI_dir_L0.1_mean"", ""MI_dir_L0.1_variance"", ""MI_dir_L0.01_weight"", ""MI_dir_L0.01_mean"", ""MI_dir_L0.01_variance"", ""H_L5_weight"", ""H_L5_mean"", ""H_L5_variance"", ""H_L3_weight"", ""H_L3_mean"", ""H_L3_variance"", ""H_L1_weight"", ""H_L1_mean"", ""H_L1_variance"", ""H_L0.1_weight"", ""H_L0.1_mean"", ""H_L0.1_variance"", ""H_L0.01_weight"", ""H_L0.01_mean"", ""H_L0.01_variance"", ""HH_L5_weight"", ""HH_L5_mean"", ""HH_L5_std"", ""HH_L5_magnitude"", ""HH_L5_radius"", ""HH_L5_covariance"", ""HH_L5_pcc"", ""HH_L3_weight"", ""HH_L3_mean"", ""HH_L3_std"", ""HH_L3_magnitude"", ""HH_L3_radius"", ""HH_L3_covariance"", ""HH_L3_pcc"", ""HH_L1_weight"", ""HH_L1_mean"", ""HH_L1_std"", ""HH_L1_magnitude"", ""HH_L1_radius"", ""HH_L1_covariance"", ""HH_L1_pcc"", ""HH_L0.1_weight"", ""HH_L0.1_mean"", ""HH_L0.1_std"", ""HH_L0.1_magnitude"", ""HH_L0.1_radius"", ""HH_L0.1_covariance"", ""HH_L0.1_pcc"", ""HH_L0.01_weight"", ""HH_L0.01_mean"", ""HH_L0.01_std"", ""HH_L0.01_magnitude"", ""HH_L0.01_radius"", ""HH_L0.01_covariance"", ""HH_L0.01_pcc"", ""HH_jit_L5_weight"", ""HH_jit_L5_mean"", ""HH_jit_L5_variance"", ""HH_jit_L3_weight"", ""HH_jit_L3_mean"", ""HH_jit_L3_variance"", ""HH_jit_L1_weight"", ""HH_jit_L1_mean"", ""HH_jit_L1_variance"", ""HH_jit_L0.1_weight"", ""HH_jit_L0.1_mean"", ""HH_jit_L0.1_variance"", ""HH_jit_L0.01_weight"", ""HH_jit_L0.01_mean"", ""HH_jit_L0.01_variance"", ""HpHp_L5_weight"", ""HpHp_L5_mean"", ""HpHp_L5_std"", ""HpHp_L5_magnitude"", ""HpHp_L5_radius"", ""HpHp_L5_covariance"", ""HpHp_L5_pcc"", ""HpHp_L3_weight"", ""HpHp_L3_mean"", ""HpHp_L3_std"", ""HpHp_L3_magnitude"", ""HpHp_L3_radius"", ""HpHp_L3_covariance"", ""HpHp_L3_pcc"", ""HpHp_L1_weight"", ""HpHp_L1_mean"", ""HpHp_L1_std"", ""HpHp_L1_magnitude"", ""HpHp_L1_radius"", ""HpHp_L1_covariance"", ""HpHp_L1_pcc"", ""HpHp_L0.1_weight"", ""HpHp_L0.1_mean"", ""HpHp_L0.1_std"", ""HpHp_L0.1_magnitude"", ""HpHp_L0.1_radius"", ""HpHp_L0.1_covariance"", ""HpHp_L0.1_pcc"", ""HpHp_L0.01_weight"", ""HpHp_L0.01_mean"", ""HpHp_L0.01_std"", ""HpHp_L0.01_magnitude"", ""HpHp_L0.01_radius"", ""HpHp_L0.01_covariance"", ""HpHp_L0.01_pcc""]",,,
55000,3,115,1.0,1.0,1.0,1.0,1.0,1.0,1.0,9.778751499999998,0.20212220000030356,3.6749490909146103,1754.607421875,1.0,1.0,benign,,,,,nb_family_lgbm_weighted,family,family,lgbm,all,,True,Danmini_Doorbell,390000,55000,"[""MI_dir_L5_weight"", ""MI_dir_L5_mean"", ""MI_dir_L5_variance"", ""MI_dir_L3_weight"", ""MI_dir_L3_mean"", ""MI_dir_L3_variance"", ""MI_dir_L1_weight"", ""MI_dir_L1_mean"", ""MI_dir_L1_variance"", ""MI_dir_L0.1_weight"", ""MI_dir_L0.1_mean"", ""MI_dir_L0.1_variance"", ""MI_dir_L0.01_weight"", ""MI_dir_L0.01_mean"", ""MI_dir_L0.01_variance"", ""H_L5_weight"", ""H_L5_mean"", ""H_L5_variance"", ""H_L3_weight"", ""H_L3_mean"", ""H_L3_variance"", ""H_L1_weight"", ""H_L1_mean"", ""H_L1_variance"", ""H_L0.1_weight"", ""H_L0.1_mean"", ""H_L0.1_variance"", ""H_L0.01_weight"", ""H_L0.01_mean"", ""H_L0.01_variance"", ""HH_L5_weight"", ""HH_L5_mean"", ""HH_L5_std"", ""HH_L5_magnitude"", ""HH_L5_radius"", ""HH_L5_covariance"", ""HH_L5_pcc"", ""HH_L3_weight"", ""HH_L3_mean"", ""HH_L3_std"", ""HH_L3_magnitude"", ""HH_L3_radius"", ""HH_L3_covariance"", ""HH_L3_pcc"", ""HH_L1_weight"", ""HH_L1_mean"", ""HH_L1_std"", ""HH_L1_magnitude"", ""HH_L1_radius"", ""HH_L1_covariance"", ""HH_L1_pcc"", ""HH_L0.1_weight"", ""HH_L0.1_mean"", ""HH_L0.1_std"", ""HH_L0.1_magnitude"", ""HH_L0.1_radius"", ""HH_L0.1_covariance"", ""HH_L0.1_pcc"", ""HH_L0.01_weight"", ""HH_L0.01_mean"", ""HH_L0.01_std"", ""HH_L0.01_magnitude"", ""HH_L0.01_radius"", ""HH_L0.01_covariance"", ""HH_L0.01_pcc"", ""HH_jit_L5_weight"", ""HH_jit_L5_mean"", ""HH_jit_L5_variance"", ""HH_jit_L3_weight"", ""HH_jit_L3_mean"", ""HH_jit_L3_variance"", ""HH_jit_L1_weight"", ""HH_jit_L1_mean"", ""HH_jit_L1_variance"", ""HH_jit_L0.1_weight"", ""HH_jit_L0.1_mean"", ""HH_jit_L0.1_variance"", ""HH_jit_L0.01_weight"", ""HH_jit_L0.01_mean"", ""HH_jit_L0.01_variance"", ""HpHp_L5_weight"", ""HpHp_L5_mean"", ""HpHp_L5_std"", ""HpHp_L5_magnitude"", ""HpHp_L5_radius"", ""HpHp_L5_covariance"", ""HpHp_L5_pcc"", ""HpHp_L3_weight"", ""HpHp_L3_mean"", ""HpHp_L3_std"", ""HpHp_L3_magnitude"", ""HpHp_L3_radius"", ""HpHp_L3_covariance"", ""HpHp_L3_pcc"", ""HpHp_L1_weight"", ""HpHp_L1_mean"", ""HpHp_L1_std"", ""HpHp_L1_magnitude"", ""HpHp_L1_radius"", ""HpHp_L1_covariance"", ""HpHp_L1_pcc"", ""HpHp_L0.1_weight"", ""HpHp_L0.1_mean"", ""HpHp_L0.1_std"", ""HpHp_L0.1_magnitude"", ""HpHp_L0.1_radius"", ""HpHp_L0.1_covariance"", ""HpHp_L0.1_pcc"", ""HpHp_L0.01_weight"", ""HpHp_L0.01_mean"", ""HpHp_L0.01_std"", ""HpHp_L0.01_magnitude"", ""HpHp_L0.01_radius"", ""HpHp_L0.01_covariance"", ""HpHp_L0.01_pcc""]",1.0,1.0,1.0
55000,3,115,0.9992363636363636,0.9994399999999999,0.9993875532667694,0.9994399999999999,0.999413336170003,0.9992363638685496,0.9986809516071898,9.274747500000558,0.22105420000025333,4.019167272731879,1643.1708984375,1.0,0.99836,gafgyt,,,,,nb_family_lgbm_weighted,family,family,lgbm,all,,True,Ecobee_Thermostat,390000,55000,"[""MI_dir_L5_weight"", ""MI_dir_L5_mean"", ""MI_dir_L5_variance"", ""MI_dir_L3_weight"", ""MI_dir_L3_mean"", ""MI_dir_L3_variance"", ""MI_dir_L1_weight"", ""MI_dir_L1_mean"", ""MI_dir_L1_variance"", ""MI_dir_L0.1_weight"", ""MI_dir_L0.1_mean"", ""MI_dir_L0.1_variance"", ""MI_dir_L0.01_weight"", ""MI_dir_L0.01_mean"", ""MI_dir_L0.01_variance"", ""H_L5_weight"", ""H_L5_mean"", ""H_L5_variance"", ""H_L3_weight"", ""H_L3_mean"", ""H_L3_variance"", ""H_L1_weight"", ""H_L1_mean"", ""H_L1_variance"", ""H_L0.1_weight"", ""H_L0.1_mean"", ""H_L0.1_variance"", ""H_L0.01_weight"", ""H_L0.01_mean"", ""H_L0.01_variance"", ""HH_L5_weight"", ""HH_L5_mean"", ""HH_L5_std"", ""HH_L5_magnitude"", ""HH_L5_radius"", ""HH_L5_covariance"", ""HH_L5_pcc"", ""HH_L3_weight"", ""HH_L3_mean"", ""HH_L3_std"", ""HH_L3_magnitude"", ""HH_L3_radius"", ""HH_L3_covariance"", ""HH_L3_pcc"", ""HH_L1_weight"", ""HH_L1_mean"", ""HH_L1_std"", ""HH_L1_magnitude"", ""HH_L1_radius"", ""HH_L1_covariance"", ""HH_L1_pcc"", ""HH_L0.1_weight"", ""HH_L0.1_mean"", ""HH_L0.1_std"", ""HH_L0.1_magnitude"", ""HH_L0.1_radius"", ""HH_L0.1_covariance"", ""HH_L0.1_pcc"", ""HH_L0.01_weight"", ""HH_L0.01_mean"", ""HH_L0.01_std"", ""HH_L0.01_magnitude"", ""HH_L0.01_radius"", ""HH_L0.01_covariance"", ""HH_L0.01_pcc"", ""HH_jit_L5_weight"", ""HH_jit_L5_mean"", ""HH_jit_L5_variance"", ""HH_jit_L3_weight"", ""HH_jit_L3_mean"", ""HH_jit_L3_variance"", ""HH_jit_L1_weight"", ""HH_jit_L1_mean"", ""HH_jit_L1_variance"", ""HH_jit_L0.1_weight"", ""HH_jit_L0.1_mean"", ""HH_jit_L0.1_variance"", ""HH_jit_L0.01_weight"", ""HH_jit_L0.01_mean"", ""HH_jit_L0.01_variance"", ""HpHp_L5_weight"", ""HpHp_L5_mean"", ""HpHp_L5_std"", ""HpHp_L5_magnitude"", ""HpHp_L5_radius"", ""HpHp_L5_covariance"", ""HpHp_L5_pcc"", ""HpHp_L3_weight"", ""HpHp_L3_mean"", ""HpHp_L3_std"", ""HpHp_L3_magnitude"", ""HpHp_L3_radius"", ""HpHp_L3_covariance"", ""HpHp_L3_pcc"", ""HpHp_L1_weight"", ""HpHp_L1_mean"", ""HpHp_L1_std"", ""HpHp_L1_magnitude"", ""HpHp_L1_radius"", ""HpHp_L1_covariance"", ""HpHp_L1_pcc"", ""HpHp_L0.1_weight"", ""HpHp_L0.1_mean"", ""HpHp_L0.1_std"", ""HpHp_L0.1_magnitude"", ""HpHp_L0.1_radius"", ""HpHp_L0.1_covariance"", ""HpHp_L0.1_pcc"", ""HpHp_L0.01_weight"", ""HpHp_L0.01_mean"", ""HpHp_L0.01_std"", ""HpHp_L0.01_magnitude"", ""HpHp_L0.01_radius"", ""HpHp_L0.01_covariance"", ""HpHp_L0.01_pcc""]",0.9999635324444444,0.9999564748670512,0.9999407057336186
30000,3,115,0.9999333333333333,0.9998,0.999960003199744,0.9998,0.9998799807959673,0.9999333279986131,0.9997599903961591,10.854206300000442,0.12586600000031467,4.195533333343822,1744.98046875,0.9996,0.9996,benign,,,,,nb_family_lgbm_weighted,family,family,lgbm,all,,True,Ennio_Doorbell,415000,30000,"[""MI_dir_L5_weight"", ""MI_dir_L5_mean"", ""MI_dir_L5_variance"", ""MI_dir_L3_weight"", ""MI_dir_L3_mean"", ""MI_dir_L3_variance"", ""MI_dir_L1_weight"", ""MI_dir_L1_mean"", ""MI_dir_L1_variance"", ""MI_dir_L0.1_weight"", ""MI_dir_L0.1_mean"", ""MI_dir_L0.1_variance"", ""MI_dir_L0.01_weight"", ""MI_dir_L0.01_mean"", ""MI_dir_L0.01_variance"", ""H_L5_weight"", ""H_L5_mean"", ""H_L5_variance"", ""H_L3_weight"", ""H_L3_mean"", ""H_L3_variance"", ""H_L1_weight"", ""H_L1_mean"", ""H_L1_variance"", ""H_L0.1_weight"", ""H_L0.1_mean"", ""H_L0.1_variance"", ""H_L0.01_weight"", ""H_L0.01_mean"", ""H_L0.01_variance"", ""HH_L5_weight"", ""HH_L5_mean"", ""HH_L5_std"", ""HH_L5_magnitude"", ""HH_L5_radius"", ""HH_L5_covariance"", ""HH_L5_pcc"", ""HH_L3_weight"", ""HH_L3_mean"", ""HH_L3_std"", ""HH_L3_magnitude"", ""HH_L3_radius"", ""HH_L3_covariance"", ""HH_L3_pcc"", ""HH_L1_weight"", ""HH_L1_mean"", ""HH_L1_std"", ""HH_L1_magnitude"", ""HH_L1_radius"", ""HH_L1_covariance"", ""HH_L1_pcc"", ""HH_L0.1_weight"", ""HH_L0.1_mean"", ""HH_L0.1_std"", ""HH_L0.1_magnitude"", ""HH_L0.1_radius"", ""HH_L0.1_covariance"", ""HH_L0.1_pcc"", ""HH_L0.01_weight"", ""HH_L0.01_mean"", ""HH_L0.01_std"", ""HH_L0.01_magnitude"", ""HH_L0.01_radius"", ""HH_L0.01_covariance"", ""HH_L0.01_pcc"", ""HH_jit_L5_weight"", ""HH_jit_L5_mean"", ""HH_jit_L5_variance"", ""HH_jit_L3_weight"", ""HH_jit_L3_mean"", ""HH_jit_L3_variance"", ""HH_jit_L1_weight"", ""HH_jit_L1_mean"", ""HH_jit_L1_variance"", ""HH_jit_L0.1_weight"", ""HH_jit_L0.1_mean"", ""HH_jit_L0.1_variance"", ""HH_jit_L0.01_weight"", ""HH_jit_L0.01_mean"", ""HH_jit_L0.01_variance"", ""HpHp_L5_weight"", ""HpHp_L5_mean"", ""HpHp_L5_std"", ""HpHp_L5_magnitude"", ""HpHp_L5_radius"", ""HpHp_L5_covariance"", ""HpHp_L5_pcc"", ""HpHp_L3_weight"", ""HpHp_L3_mean"", ""HpHp_L3_std"", ""HpHp_L3_magnitude"", ""HpHp_L3_radius"", ""HpHp_L3_covariance"", ""HpHp_L3_pcc"", ""HpHp_L1_weight"", ""HpHp_L1_mean"", ""HpHp_L1_std"", ""HpHp_L1_magnitude"", ""HpHp_L1_radius"", ""HpHp_L1_covariance"", ""HpHp_L1_pcc"", ""HpHp_L0.1_weight"", ""HpHp_L0.1_mean"", ""HpHp_L0.1_std"", ""HpHp_L0.1_magnitude"", ""HpHp_L0.1_radius"", ""HpHp_L0.1_covariance"", ""HpHp_L0.1_pcc"", ""HpHp_L0.01_weight"", ""HpHp_L0.01_mean"", ""HpHp_L0.01_std"", ""HpHp_L0.01_magnitude"", ""HpHp_L0.01_radius"", ""HpHp_L0.01_covariance"", ""HpHp_L0.01_pcc""]",,,
55000,3,115,0.9999272727272728,0.9997333333333334,0.9999466751986349,0.9997333333333334,0.9998399487784875,0.9999272610848557,0.99987429015449,10.064565900000161,0.2114200999994864,3.84400181817248,1691.4287109375,0.9992,0.9992,benign,,,,,nb_family_lgbm_weighted,family,family,lgbm,all,,True,Philips_B120N10_Baby_Monitor,390000,55000,"[""MI_dir_L5_weight"", ""MI_dir_L5_mean"", ""MI_dir_L5_variance"", ""MI_dir_L3_weight"", ""MI_dir_L3_mean"", ""MI_dir_L3_variance"", ""MI_dir_L1_weight"", ""MI_dir_L1_mean"", ""MI_dir_L1_variance"", ""MI_dir_L0.1_weight"", ""MI_dir_L0.1_mean"", ""MI_dir_L0.1_variance"", ""MI_dir_L0.01_weight"", ""MI_dir_L0.01_mean"", ""MI_dir_L0.01_variance"", ""H_L5_weight"", ""H_L5_mean"", ""H_L5_variance"", ""H_L3_weight"", ""H_L3_mean"", ""H_L3_variance"", ""H_L1_weight"", ""H_L1_mean"", ""H_L1_variance"", ""H_L0.1_weight"", ""H_L0.1_mean"", ""H_L0.1_variance"", ""H_L0.01_weight"", ""H_L0.01_mean"", ""H_L0.01_variance"", ""HH_L5_weight"", ""HH_L5_mean"", ""HH_L5_std"", ""HH_L5_magnitude"", ""HH_L5_radius"", ""HH_L5_covariance"", ""HH_L5_pcc"", ""HH_L3_weight"", ""HH_L3_mean"", ""HH_L3_std"", ""HH_L3_magnitude"", ""HH_L3_radius"", ""HH_L3_covariance"", ""HH_L3_pcc"", ""HH_L1_weight"", ""HH_L1_mean"", ""HH_L1_std"", ""HH_L1_magnitude"", ""HH_L1_radius"", ""HH_L1_covariance"", ""HH_L1_pcc"", ""HH_L0.1_weight"", ""HH_L0.1_mean"", ""HH_L0.1_std"", ""HH_L0.1_magnitude"", ""HH_L0.1_radius"", ""HH_L0.1_covariance"", ""HH_L0.1_pcc"", ""HH_L0.01_weight"", ""HH_L0.01_mean"", ""HH_L0.01_std"", ""HH_L0.01_magnitude"", ""HH_L0.01_radius"", ""HH_L0.01_covariance"", ""HH_L0.01_pcc"", ""HH_jit_L5_weight"", ""HH_jit_L5_mean"", ""HH_jit_L5_variance"", ""HH_jit_L3_weight"", ""HH_jit_L3_mean"", ""HH_jit_L3_variance"", ""HH_jit_L1_weight"", ""HH_jit_L1_mean"", ""HH_jit_L1_variance"", ""HH_jit_L0.1_weight"", ""HH_jit_L0.1_mean"", ""HH_jit_L0.1_variance"", ""HH_jit_L0.01_weight"", ""HH_jit_L0.01_mean"", ""HH_jit_L0.01_variance"", ""HpHp_L5_weight"", ""HpHp_L5_mean"", ""HpHp_L5_std"", ""HpHp_L5_magnitude"", ""HpHp_L5_radius"", ""HpHp_L5_covariance"", ""HpHp_L5_pcc"", ""HpHp_L3_weight"", ""HpHp_L3_mean"", ""HpHp_L3_std"", ""HpHp_L3_magnitude"", ""HpHp_L3_radius"", ""HpHp_L3_covariance"", ""HpHp_L3_pcc"", ""HpHp_L1_weight"", ""HpHp_L1_mean"", ""HpHp_L1_std"", ""HpHp_L1_magnitude"", ""HpHp_L1_radius"", ""HpHp_L1_covariance"", ""HpHp_L1_pcc"", ""HpHp_L0.1_weight"", ""HpHp_L0.1_mean"", ""HpHp_L0.1_std"", ""HpHp_L0.1_magnitude"", ""HpHp_L0.1_radius"", ""HpHp_L0.1_covariance"", ""HpHp_L0.1_pcc"", ""HpHp_L0.01_weight"", ""HpHp_L0.01_mean"", ""HpHp_L0.01_std"", ""HpHp_L0.01_magnitude"", ""HpHp_L0.01_radius"", ""HpHp_L0.01_covariance"", ""HpHp_L0.01_pcc""]",0.9999827835555556,0.999916233153765,0.9999713796901126
55000,3,115,0.9996545454545455,0.9996933333333334,0.9987907333749836,0.9996933333333334,0.9992410317572128,0.9996547798440831,0.9994031672473084,10.055068899999242,0.2548378999999841,4.633416363636074,1674.4091796875,0.9998,0.99928,mirai,,,,,nb_family_lgbm_weighted,family,family,lgbm,all,,True,Provision_PT_737E_Security_Camera,390000,55000,"[""MI_dir_L5_weight"", ""MI_dir_L5_mean"", ""MI_dir_L5_variance"", ""MI_dir_L3_weight"", ""MI_dir_L3_mean"", ""MI_dir_L3_variance"", ""MI_dir_L1_weight"", ""MI_dir_L1_mean"", ""MI_dir_L1_variance"", ""MI_dir_L0.1_weight"", ""MI_dir_L0.1_mean"", ""MI_dir_L0.1_variance"", ""MI_dir_L0.01_weight"", ""MI_dir_L0.01_mean"", ""MI_dir_L0.01_variance"", ""H_L5_weight"", ""H_L5_mean"", ""H_L5_variance"", ""H_L3_weight"", ""H_L3_mean"", ""H_L3_variance"", ""H_L1_weight"", ""H_L1_mean"", ""H_L1_variance"", ""H_L0.1_weight"", ""H_L0.1_mean"", ""H_L0.1_variance"", ""H_L0.01_weight"", ""H_L0.01_mean"", ""H_L0.01_variance"", ""HH_L5_weight"", ""HH_L5_mean"", ""HH_L5_std"", ""HH_L5_magnitude"", ""HH_L5_radius"", ""HH_L5_covariance"", ""HH_L5_pcc"", ""HH_L3_weight"", ""HH_L3_mean"", ""HH_L3_std"", ""HH_L3_magnitude"", ""HH_L3_radius"", ""HH_L3_covariance"", ""HH_L3_pcc"", ""HH_L1_weight"", ""HH_L1_mean"", ""HH_L1_std"", ""HH_L1_magnitude"", ""HH_L1_radius"", ""HH_L1_covariance"", ""HH_L1_pcc"", ""HH_L0.1_weight"", ""HH_L0.1_mean"", ""HH_L0.1_std"", ""HH_L0.1_magnitude"", ""HH_L0.1_radius"", ""HH_L0.1_covariance"", ""HH_L0.1_pcc"", ""HH_L0.01_weight"", ""HH_L0.01_mean"", ""HH_L0.01_std"", ""HH_L0.01_magnitude"", ""HH_L0.01_radius"", ""HH_L0.01_covariance"", ""HH_L0.01_pcc"", ""HH_jit_L5_weight"", ""HH_jit_L5_mean"", ""HH_jit_L5_variance"", ""HH_jit_L3_weight"", ""HH_jit_L3_mean"", ""HH_jit_L3_variance"", ""HH_jit_L1_weight"", ""HH_jit_L1_mean"", ""HH_jit_L1_variance"", ""HH_jit_L0.1_weight"", ""HH_jit_L0.1_mean"", ""HH_jit_L0.1_variance"", ""HH_jit_L0.01_weight"", ""HH_jit_L0.01_mean"", ""HH_jit_L0.01_variance"", ""HpHp_L5_weight"", ""HpHp_L5_mean"", ""HpHp_L5_std"", ""HpHp_L5_magnitude"", ""HpHp_L5_radius"", ""HpHp_L5_covariance"", ""HpHp_L5_pcc"", ""HpHp_L3_weight"", ""HpHp_L3_mean"", ""HpHp_L3_std"", ""HpHp_L3_magnitude"", ""HpHp_L3_radius"", ""HpHp_L3_covariance"", ""HpHp_L3_pcc"", ""HpHp_L1_weight"", ""HpHp_L1_mean"", ""HpHp_L1_std"", ""HpHp_L1_magnitude"", ""HpHp_L1_radius"", ""HpHp_L1_covariance"", ""HpHp_L1_pcc"", ""HpHp_L0.1_weight"", ""HpHp_L0.1_mean"", ""HpHp_L0.1_std"", ""HpHp_L0.1_magnitude"", ""HpHp_L0.1_radius"", ""HpHp_L0.1_covariance"", ""HpHp_L0.1_pcc"", ""HpHp_L0.01_weight"", ""HpHp_L0.01_mean"", ""HpHp_L0.01_std"", ""HpHp_L0.01_magnitude"", ""HpHp_L0.01_radius"", ""HpHp_L0.01_covariance"", ""HpHp_L0.01_pcc""]",0.9999999559999999,0.9999995628849593,0.999999880786807
55000,3,115,0.9999272727272728,0.9997333333333334,0.9999466751986349,0.9997333333333334,0.9998399487784875,0.9999272610848557,0.99987429015449,9.921209400000407,0.22159709999959887,4.029038181810889,1709.087890625,0.9992,0.9992,benign,,,,,nb_family_lgbm_weighted,family,family,lgbm,all,,True,Provision_PT_838_Security_Camera,390000,55000,"[""MI_dir_L5_weight"", ""MI_dir_L5_mean"", ""MI_dir_L5_variance"", ""MI_dir_L3_weight"", ""MI_dir_L3_mean"", ""MI_dir_L3_variance"", ""MI_dir_L1_weight"", ""MI_dir_L1_mean"", ""MI_dir_L1_variance"", ""MI_dir_L0.1_weight"", ""MI_dir_L0.1_mean"", ""MI_dir_L0.1_variance"", ""MI_dir_L0.01_weight"", ""MI_dir_L0.01_mean"", ""MI_dir_L0.01_variance"", ""H_L5_weight"", ""H_L5_mean"", ""H_L5_variance"", ""H_L3_weight"", ""H_L3_mean"", ""H_L3_variance"", ""H_L1_weight"", ""H_L1_mean"", ""H_L1_variance"", ""H_L0.1_weight"", ""H_L0.1_mean"", ""H_L0.1_variance"", ""H_L0.01_weight"", ""H_L0.01_mean"", ""H_L0.01_variance"", ""HH_L5_weight"", ""HH_L5_mean"", ""HH_L5_std"", ""HH_L5_magnitude"", ""HH_L5_radius"", ""HH_L5_covariance"", ""HH_L5_pcc"", ""HH_L3_weight"", ""HH_L3_mean"", ""HH_L3_std"", ""HH_L3_magnitude"", ""HH_L3_radius"", ""HH_L3_covariance"", ""HH_L3_pcc"", ""HH_L1_weight"", ""HH_L1_mean"", ""HH_L1_std"", ""HH_L1_magnitude"", ""HH_L1_radius"", ""HH_L1_covariance"", ""HH_L1_pcc"", ""HH_L0.1_weight"", ""HH_L0.1_mean"", ""HH_L0.1_std"", ""HH_L0.1_magnitude"", ""HH_L0.1_radius"", ""HH_L0.1_covariance"", ""HH_L0.1_pcc"", ""HH_L0.01_weight"", ""HH_L0.01_mean"", ""HH_L0.01_std"", ""HH_L0.01_magnitude"", ""HH_L0.01_radius"", ""HH_L0.01_covariance"", ""HH_L0.01_pcc"", ""HH_jit_L5_weight"", ""HH_jit_L5_mean"", ""HH_jit_L5_variance"", ""HH_jit_L3_weight"", ""HH_jit_L3_mean"", ""HH_jit_L3_variance"", ""HH_jit_L1_weight"", ""HH_jit_L1_mean"", ""HH_jit_L1_variance"", ""HH_jit_L0.1_weight"", ""HH_jit_L0.1_mean"", ""HH_jit_L0.1_variance"", ""HH_jit_L0.01_weight"", ""HH_jit_L0.01_mean"", ""HH_jit_L0.01_variance"", ""HpHp_L5_weight"", ""HpHp_L5_mean"", ""HpHp_L5_std"", ""HpHp_L5_magnitude"", ""HpHp_L5_radius"", ""HpHp_L5_covariance"", ""HpHp_L5_pcc"", ""HpHp_L3_weight"", ""HpHp_L3_mean"", ""HpHp_L3_std"", ""HpHp_L3_magnitude"", ""HpHp_L3_radius"", ""HpHp_L3_covariance"", ""HpHp_L3_pcc"", ""HpHp_L1_weight"", ""HpHp_L1_mean"", ""HpHp_L1_std"", ""HpHp_L1_magnitude"", ""HpHp_L1_radius"", ""HpHp_L1_covariance"", ""HpHp_L1_pcc"", ""HpHp_L0.1_weight"", ""HpHp_L0.1_mean"", ""HpHp_L0.1_std"", ""HpHp_L0.1_magnitude"", ""HpHp_L0.1_radius"", ""HpHp_L0.1_covariance"", ""HpHp_L0.1_pcc"", ""HpHp_L0.01_weight"", ""HpHp_L0.01_mean"", ""HpHp_L0.01_std"", ""HpHp_L0.01_magnitude"", ""HpHp_L0.01_radius"", ""HpHp_L0.01_covariance"", ""HpHp_L0.01_pcc""]",0.9999999982222222,0.9999999861360207,0.9999999956371198
30000,3,115,1.0,1.0,1.0,1.0,1.0,1.0,1.0,9.995919199999662,0.13630529999954888,4.543509999984963,1731.8583984375,1.0,1.0,benign,,,,,nb_family_lgbm_weighted,family,family,lgbm,all,,True,Samsung_SNH_1011_N_Webcam,415000,30000,"[""MI_dir_L5_weight"", ""MI_dir_L5_mean"", ""MI_dir_L5_variance"", ""MI_dir_L3_weight"", ""MI_dir_L3_mean"", ""MI_dir_L3_variance"", ""MI_dir_L1_weight"", ""MI_dir_L1_mean"", ""MI_dir_L1_variance"", ""MI_dir_L0.1_weight"", ""MI_dir_L0.1_mean"", ""MI_dir_L0.1_variance"", ""MI_dir_L0.01_weight"", ""MI_dir_L0.01_mean"", ""MI_dir_L0.01_variance"", ""H_L5_weight"", ""H_L5_mean"", ""H_L5_variance"", ""H_L3_weight"", ""H_L3_mean"", ""H_L3_variance"", ""H_L1_weight"", ""H_L1_mean"", ""H_L1_variance"", ""H_L0.1_weight"", ""H_L0.1_mean"", ""H_L0.1_variance"", ""H_L0.01_weight"", ""H_L0.01_mean"", ""H_L0.01_variance"", ""HH_L5_weight"", ""HH_L5_mean"", ""HH_L5_std"", ""HH_L5_magnitude"", ""HH_L5_radius"", ""HH_L5_covariance"", ""HH_L5_pcc"", ""HH_L3_weight"", ""HH_L3_mean"", ""HH_L3_std"", ""HH_L3_magnitude"", ""HH_L3_radius"", ""HH_L3_covariance"", ""HH_L3_pcc"", ""HH_L1_weight"", ""HH_L1_mean"", ""HH_L1_std"", ""HH_L1_magnitude"", ""HH_L1_radius"", ""HH_L1_covariance"", ""HH_L1_pcc"", ""HH_L0.1_weight"", ""HH_L0.1_mean"", ""HH_L0.1_std"", ""HH_L0.1_magnitude"", ""HH_L0.1_radius"", ""HH_L0.1_covariance"", ""HH_L0.1_pcc"", ""HH_L0.01_weight"", ""HH_L0.01_mean"", ""HH_L0.01_std"", ""HH_L0.01_magnitude"", ""HH_L0.01_radius"", ""HH_L0.01_covariance"", ""HH_L0.01_pcc"", ""HH_jit_L5_weight"", ""HH_jit_L5_mean"", ""HH_jit_L5_variance"", ""HH_jit_L3_weight"", ""HH_jit_L3_mean"", ""HH_jit_L3_variance"", ""HH_jit_L1_weight"", ""HH_jit_L1_mean"", ""HH_jit_L1_variance"", ""HH_jit_L0.1_weight"", ""HH_jit_L0.1_mean"", ""HH_jit_L0.1_variance"", ""HH_jit_L0.01_weight"", ""HH_jit_L0.01_mean"", ""HH_jit_L0.01_variance"", ""HpHp_L5_weight"", ""HpHp_L5_mean"", ""HpHp_L5_std"", ""HpHp_L5_magnitude"", ""HpHp_L5_radius"", ""HpHp_L5_covariance"", ""HpHp_L5_pcc"", ""HpHp_L3_weight"", ""HpHp_L3_mean"", ""HpHp_L3_std"", ""HpHp_L3_magnitude"", ""HpHp_L3_radius"", ""HpHp_L3_covariance"", ""HpHp_L3_pcc"", ""HpHp_L1_weight"", ""HpHp_L1_mean"", ""HpHp_L1_std"", ""HpHp_L1_magnitude"", ""HpHp_L1_radius"", ""HpHp_L1_covariance"", ""HpHp_L1_pcc"", ""HpHp_L0.1_weight"", ""HpHp_L0.1_mean"", ""HpHp_L0.1_std"", ""HpHp_L0.1_magnitude"", ""HpHp_L0.1_radius"", ""HpHp_L0.1_covariance"", ""HpHp_L0.1_pcc"", ""HpHp_L0.01_weight"", ""HpHp_L0.01_mean"", ""HpHp_L0.01_std"", ""HpHp_L0.01_magnitude"", ""HpHp_L0.01_radius"", ""HpHp_L0.01_covariance"", ""HpHp_L0.01_pcc""]",,,
55000,3,115,0.9999272727272728,0.9997333333333334,0.9999466751986349,0.9997333333333334,0.9998399487784875,0.9999272610848557,0.99987429015449,9.663439600000856,0.2161764000002222,3.9304800000040396,1780.77734375,0.9992,0.9992,benign,,,,,nb_family_lgbm_weighted,family,family,lgbm,all,,True,SimpleHome_XCS7_1002_WHT_Security_Camera,390000,55000,"[""MI_dir_L5_weight"", ""MI_dir_L5_mean"", ""MI_dir_L5_variance"", ""MI_dir_L3_weight"", ""MI_dir_L3_mean"", ""MI_dir_L3_variance"", ""MI_dir_L1_weight"", ""MI_dir_L1_mean"", ""MI_dir_L1_variance"", ""MI_dir_L0.1_weight"", ""MI_dir_L0.1_mean"", ""MI_dir_L0.1_variance"", ""MI_dir_L0.01_weight"", ""MI_dir_L0.01_mean"", ""MI_dir_L0.01_variance"", ""H_L5_weight"", ""H_L5_mean"", ""H_L5_variance"", ""H_L3_weight"", ""H_L3_mean"", ""H_L3_variance"", ""H_L1_weight"", ""H_L1_mean"", ""H_L1_variance"", ""H_L0.1_weight"", ""H_L0.1_mean"", ""H_L0.1_variance"", ""H_L0.01_weight"", ""H_L0.01_mean"", ""H_L0.01_variance"", ""HH_L5_weight"", ""HH_L5_mean"", ""HH_L5_std"", ""HH_L5_magnitude"", ""HH_L5_radius"", ""HH_L5_covariance"", ""HH_L5_pcc"", ""HH_L3_weight"", ""HH_L3_mean"", ""HH_L3_std"", ""HH_L3_magnitude"", ""HH_L3_radius"", ""HH_L3_covariance"", ""HH_L3_pcc"", ""HH_L1_weight"", ""HH_L1_mean"", ""HH_L1_std"", ""HH_L1_magnitude"", ""HH_L1_radius"", ""HH_L1_covariance"", ""HH_L1_pcc"", ""HH_L0.1_weight"", ""HH_L0.1_mean"", ""HH_L0.1_std"", ""HH_L0.1_magnitude"", ""HH_L0.1_radius"", ""HH_L0.1_covariance"", ""HH_L0.1_pcc"", ""HH_L0.01_weight"", ""HH_L0.01_mean"", ""HH_L0.01_std"", ""HH_L0.01_magnitude"", ""HH_L0.01_radius"", ""HH_L0.01_covariance"", ""HH_L0.01_pcc"", ""HH_jit_L5_weight"", ""HH_jit_L5_mean"", ""HH_jit_L5_variance"", ""HH_jit_L3_weight"", ""HH_jit_L3_mean"", ""HH_jit_L3_variance"", ""HH_jit_L1_weight"", ""HH_jit_L1_mean"", ""HH_jit_L1_variance"", ""HH_jit_L0.1_weight"", ""HH_jit_L0.1_mean"", ""HH_jit_L0.1_variance"", ""HH_jit_L0.01_weight"", ""HH_jit_L0.01_mean"", ""HH_jit_L0.01_variance"", ""HpHp_L5_weight"", ""HpHp_L5_mean"", ""HpHp_L5_std"", ""HpHp_L5_magnitude"", ""HpHp_L5_radius"", ""HpHp_L5_covariance"", ""HpHp_L5_pcc"", ""HpHp_L3_weight"", ""HpHp_L3_mean"", ""HpHp_L3_std"", ""HpHp_L3_magnitude"", ""HpHp_L3_radius"", ""HpHp_L3_covariance"", ""HpHp_L3_pcc"", ""HpHp_L1_weight"", ""HpHp_L1_mean"", ""HpHp_L1_std"", ""HpHp_L1_magnitude"", ""HpHp_L1_radius"", ""HpHp_L1_covariance"", ""HpHp_L1_pcc"", ""HpHp_L0.1_weight"", ""HpHp_L0.1_mean"", ""HpHp_L0.1_std"", ""HpHp_L0.1_magnitude"", ""HpHp_L0.1_radius"", ""HpHp_L0.1_covariance"", ""HpHp_L0.1_pcc"", ""HpHp_L0.01_weight"", ""HpHp_L0.01_mean"", ""HpHp_L0.01_std"", ""HpHp_L0.01_magnitude"", ""HpHp_L0.01_radius"", ""HpHp_L0.01_covariance"", ""HpHp_L0.01_pcc""]",1.0,1.0,1.0
55000,3,115,1.0,1.0,1.0,1.0,1.0,1.0,1.0,9.8309406999997,0.19843980000041483,3.607996363643906,1760.7490234375,1.0,1.0,benign,,,,,nb_family_lgbm_weighted,family,family,lgbm,all,,True,SimpleHome_XCS7_1003_WHT_Security_Camera,390000,55000,"[""MI_dir_L5_weight"", ""MI_dir_L5_mean"", ""MI_dir_L5_variance"", ""MI_dir_L3_weight"", ""MI_dir_L3_mean"", ""MI_dir_L3_variance"", ""MI_dir_L1_weight"", ""MI_dir_L1_mean"", ""MI_dir_L1_variance"", ""MI_dir_L0.1_weight"", ""MI_dir_L0.1_mean"", ""MI_dir_L0.1_variance"", ""MI_dir_L0.01_weight"", ""MI_dir_L0.01_mean"", ""MI_dir_L0.01_variance"", ""H_L5_weight"", ""H_L5_mean"", ""H_L5_variance"", ""H_L3_weight"", ""H_L3_mean"", ""H_L3_variance"", ""H_L1_weight"", ""H_L1_mean"", ""H_L1_variance"", ""H_L0.1_weight"", ""H_L0.1_mean"", ""H_L0.1_variance"", ""H_L0.01_weight"", ""H_L0.01_mean"", ""H_L0.01_variance"", ""HH_L5_weight"", ""HH_L5_mean"", ""HH_L5_std"", ""HH_L5_magnitude"", ""HH_L5_radius"", ""HH_L5_covariance"", ""HH_L5_pcc"", ""HH_L3_weight"", ""HH_L3_mean"", ""HH_L3_std"", ""HH_L3_magnitude"", ""HH_L3_radius"", ""HH_L3_covariance"", ""HH_L3_pcc"", ""HH_L1_weight"", ""HH_L1_mean"", ""HH_L1_std"", ""HH_L1_magnitude"", ""HH_L1_radius"", ""HH_L1_covariance"", ""HH_L1_pcc"", ""HH_L0.1_weight"", ""HH_L0.1_mean"", ""HH_L0.1_std"", ""HH_L0.1_magnitude"", ""HH_L0.1_radius"", ""HH_L0.1_covariance"", ""HH_L0.1_pcc"", ""HH_L0.01_weight"", ""HH_L0.01_mean"", ""HH_L0.01_std"", ""HH_L0.01_magnitude"", ""HH_L0.01_radius"", ""HH_L0.01_covariance"", ""HH_L0.01_pcc"", ""HH_jit_L5_weight"", ""HH_jit_L5_mean"", ""HH_jit_L5_variance"", ""HH_jit_L3_weight"", ""HH_jit_L3_mean"", ""HH_jit_L3_variance"", ""HH_jit_L1_weight"", ""HH_jit_L1_mean"", ""HH_jit_L1_variance"", ""HH_jit_L0.1_weight"", ""HH_jit_L0.1_mean"", ""HH_jit_L0.1_variance"", ""HH_jit_L0.01_weight"", ""HH_jit_L0.01_mean"", ""HH_jit_L0.01_variance"", ""HpHp_L5_weight"", ""HpHp_L5_mean"", ""HpHp_L5_std"", ""HpHp_L5_magnitude"", ""HpHp_L5_radius"", ""HpHp_L5_covariance"", ""HpHp_L5_pcc"", ""HpHp_L3_weight"", ""HpHp_L3_mean"", ""HpHp_L3_std"", ""HpHp_L3_magnitude"", ""HpHp_L3_radius"", ""HpHp_L3_covariance"", ""HpHp_L3_pcc"", ""HpHp_L1_weight"", ""HpHp_L1_mean"", ""HpHp_L1_std"", ""HpHp_L1_magnitude"", ""HpHp_L1_radius"", ""HpHp_L1_covariance"", ""HpHp_L1_pcc"", ""HpHp_L0.1_weight"", ""HpHp_L0.1_mean"", ""HpHp_L0.1_std"", ""HpHp_L0.1_magnitude"", ""HpHp_L0.1_radius"", ""HpHp_L0.1_covariance"", ""HpHp_L0.1_pcc"", ""HpHp_L0.01_weight"", ""HpHp_L0.01_mean"", ""HpHp_L0.01_std"", ""HpHp_L0.01_magnitude"", ""HpHp_L0.01_radius"", ""HpHp_L0.01_covariance"", ""HpHp_L0.01_pcc""]",1.0,1.0,0.9999999999999999
55000,9,115,0.9892909090909091,0.9869333333333334,0.9889629462981664,0.9869333333333334,0.9874213983092118,0.9892650460952962,0.9878665556333852,26.209320200000548,0.7278652000004513,13.233912727280934,4592.8408203125,0.9832285714285715,0.9018,combo,,,,,nb_attack_lgbm_weighted,attack,attack,lgbm,all,,True,Danmini_Doorbell,390000,55000,"[""MI_dir_L5_weight"", ""MI_dir_L5_mean"", ""MI_dir_L5_variance"", ""MI_dir_L3_weight"", ""MI_dir_L3_mean"", ""MI_dir_L3_variance"", ""MI_dir_L1_weight"", ""MI_dir_L1_mean"", ""MI_dir_L1_variance"", ""MI_dir_L0.1_weight"", ""MI_dir_L0.1_mean"", ""MI_dir_L0.1_variance"", ""MI_dir_L0.01_weight"", ""MI_dir_L0.01_mean"", ""MI_dir_L0.01_variance"", ""H_L5_weight"", ""H_L5_mean"", ""H_L5_variance"", ""H_L3_weight"", ""H_L3_mean"", ""H_L3_variance"", ""H_L1_weight"", ""H_L1_mean"", ""H_L1_variance"", ""H_L0.1_weight"", ""H_L0.1_mean"", ""H_L0.1_variance"", ""H_L0.01_weight"", ""H_L0.01_mean"", ""H_L0.01_variance"", ""HH_L5_weight"", ""HH_L5_mean"", ""HH_L5_std"", ""HH_L5_magnitude"", ""HH_L5_radius"", ""HH_L5_covariance"", ""HH_L5_pcc"", ""HH_L3_weight"", ""HH_L3_mean"", ""HH_L3_std"", ""HH_L3_magnitude"", ""HH_L3_radius"", ""HH_L3_covariance"", ""HH_L3_pcc"", ""HH_L1_weight"", ""HH_L1_mean"", ""HH_L1_std"", ""HH_L1_magnitude"", ""HH_L1_radius"", ""HH_L1_covariance"", ""HH_L1_pcc"", ""HH_L0.1_weight"", ""HH_L0.1_mean"", ""HH_L0.1_std"", ""HH_L0.1_magnitude"", ""HH_L0.1_radius"", ""HH_L0.1_covariance"", ""HH_L0.1_pcc"", ""HH_L0.01_weight"", ""HH_L0.01_mean"", ""HH_L0.01_std"", ""HH_L0.01_magnitude"", ""HH_L0.01_radius"", ""HH_L0.01_covariance"", ""HH_L0.01_pcc"", ""HH_jit_L5_weight"", ""HH_jit_L5_mean"", ""HH_jit_L5_variance"", ""HH_jit_L3_weight"", ""HH_jit_L3_mean"", ""HH_jit_L3_variance"", ""HH_jit_L1_weight"", ""HH_jit_L1_mean"", ""HH_jit_L1_variance"", ""HH_jit_L0.1_weight"", ""HH_jit_L0.1_mean"", ""HH_jit_L0.1_variance"", ""HH_jit_L0.01_weight"", ""HH_jit_L0.01_mean"", ""HH_jit_L0.01_variance"", ""HpHp_L5_weight"", ""HpHp_L5_mean"", ""HpHp_L5_std"", ""HpHp_L5_magnitude"", ""HpHp_L5_radius"", ""HpHp_L5_covariance"", ""HpHp_L5_pcc"", ""HpHp_L3_weight"", ""HpHp_L3_mean"", ""HpHp_L3_std"", ""HpHp_L3_magnitude"", ""HpHp_L3_radius"", ""HpHp_L3_covariance"", ""HpHp_L3_pcc"", ""HpHp_L1_weight"", ""HpHp_L1_mean"", ""HpHp_L1_std"", ""HpHp_L1_magnitude"", ""HpHp_L1_radius"", ""HpHp_L1_covariance"", ""HpHp_L1_pcc"", ""HpHp_L0.1_weight"", ""HpHp_L0.1_mean"", ""HpHp_L0.1_std"", ""HpHp_L0.1_magnitude"", ""HpHp_L0.1_radius"", ""HpHp_L0.1_covariance"", ""HpHp_L0.1_pcc"", ""HpHp_L0.01_weight"", ""HpHp_L0.01_mean"", ""HpHp_L0.01_std"", ""HpHp_L0.01_magnitude"", ""HpHp_L0.01_radius"", ""HpHp_L0.01_covariance"", ""HpHp_L0.01_pcc""]",0.9989496727407408,0.9932899360542322,0.9940782511265591
55000,9,115,0.9678363636363636,0.9616888888888889,0.9818779785137769,0.9616888888888889,0.9674860709236177,0.9659550104534852,0.9641539811825856,25.86632550000013,0.8148588000003656,14.815614545461193,4485.0,0.9520285714285714,0.665,tcp,,,,,nb_attack_lgbm_weighted,attack,attack,lgbm,all,,True,Ecobee_Thermostat,390000,55000,"[""MI_dir_L5_weight"", ""MI_dir_L5_mean"", ""MI_dir_L5_variance"", ""MI_dir_L3_weight"", ""MI_dir_L3_mean"", ""MI_dir_L3_variance"", ""MI_dir_L1_weight"", ""MI_dir_L1_mean"", ""MI_dir_L1_variance"", ""MI_dir_L0.1_weight"", ""MI_dir_L0.1_mean"", ""MI_dir_L0.1_variance"", ""MI_dir_L0.01_weight"", ""MI_dir_L0.01_mean"", ""MI_dir_L0.01_variance"", ""H_L5_weight"", ""H_L5_mean"", ""H_L5_variance"", ""H_L3_weight"", ""H_L3_mean"", ""H_L3_variance"", ""H_L1_weight"", ""H_L1_mean"", ""H_L1_variance"", ""H_L0.1_weight"", ""H_L0.1_mean"", ""H_L0.1_variance"", ""H_L0.01_weight"", ""H_L0.01_mean"", ""H_L0.01_variance"", ""HH_L5_weight"", ""HH_L5_mean"", ""HH_L5_std"", ""HH_L5_magnitude"", ""HH_L5_radius"", ""HH_L5_covariance"", ""HH_L5_pcc"", ""HH_L3_weight"", ""HH_L3_mean"", ""HH_L3_std"", ""HH_L3_magnitude"", ""HH_L3_radius"", ""HH_L3_covariance"", ""HH_L3_pcc"", ""HH_L1_weight"", ""HH_L1_mean"", ""HH_L1_std"", ""HH_L1_magnitude"", ""HH_L1_radius"", ""HH_L1_covariance"", ""HH_L1_pcc"", ""HH_L0.1_weight"", ""HH_L0.1_mean"", ""HH_L0.1_std"", ""HH_L0.1_magnitude"", ""HH_L0.1_radius"", ""HH_L0.1_covariance"", ""HH_L0.1_pcc"", ""HH_L0.01_weight"", ""HH_L0.01_mean"", ""HH_L0.01_std"", ""HH_L0.01_magnitude"", ""HH_L0.01_radius"", ""HH_L0.01_covariance"", ""HH_L0.01_pcc"", ""HH_jit_L5_weight"", ""HH_jit_L5_mean"", ""HH_jit_L5_variance"", ""HH_jit_L3_weight"", ""HH_jit_L3_mean"", ""HH_jit_L3_variance"", ""HH_jit_L1_weight"", ""HH_jit_L1_mean"", ""HH_jit_L1_variance"", ""HH_jit_L0.1_weight"", ""HH_jit_L0.1_mean"", ""HH_jit_L0.1_variance"", ""HH_jit_L0.01_weight"", ""HH_jit_L0.01_mean"", ""HH_jit_L0.01_variance"", ""HpHp_L5_weight"", ""HpHp_L5_mean"", ""HpHp_L5_std"", ""HpHp_L5_magnitude"", ""HpHp_L5_radius"", ""HpHp_L5_covariance"", ""HpHp_L5_pcc"", ""HpHp_L3_weight"", ""HpHp_L3_mean"", ""HpHp_L3_std"", ""HpHp_L3_magnitude"", ""HpHp_L3_radius"", ""HpHp_L3_covariance"", ""HpHp_L3_pcc"", ""HpHp_L1_weight"", ""HpHp_L1_mean"", ""HpHp_L1_std"", ""HpHp_L1_magnitude"", ""HpHp_L1_radius"", ""HpHp_L1_covariance"", ""HpHp_L1_pcc"", ""HpHp_L0.1_weight"", ""HpHp_L0.1_mean"", ""HpHp_L0.1_std"", ""HpHp_L0.1_magnitude"", ""HpHp_L0.1_radius"", ""HpHp_L0.1_covariance"", ""HpHp_L0.1_pcc"", ""HpHp_L0.01_weight"", ""HpHp_L0.01_mean"", ""HpHp_L0.01_std"", ""HpHp_L0.01_magnitude"", ""HpHp_L0.01_radius"", ""HpHp_L0.01_covariance"", ""HpHp_L0.01_pcc""]",0.9970728226172838,0.9732457908027631,0.9714327644286244
30000,9,115,0.9064666666666666,0.9064666666666668,0.9399601479527254,0.9064666666666668,0.8985121897499054,0.8985121897499054,0.8971949966990481,27.72437499999978,0.3847664999993867,12.825549999979557,4706.8125,0.9064666666666668,0.4396,tcp,,,,,nb_attack_lgbm_weighted,attack,attack,lgbm,all,,True,Ennio_Doorbell,415000,30000,"[""MI_dir_L5_weight"", ""MI_dir_L5_mean"", ""MI_dir_L5_variance"", ""MI_dir_L3_weight"", ""MI_dir_L3_mean"", ""MI_dir_L3_variance"", ""MI_dir_L1_weight"", ""MI_dir_L1_mean"", ""MI_dir_L1_variance"", ""MI_dir_L0.1_weight"", ""MI_dir_L0.1_mean"", ""MI_dir_L0.1_variance"", ""MI_dir_L0.01_weight"", ""MI_dir_L0.01_mean"", ""MI_dir_L0.01_variance"", ""H_L5_weight"", ""H_L5_mean"", ""H_L5_variance"", ""H_L3_weight"", ""H_L3_mean"", ""H_L3_variance"", ""H_L1_weight"", ""H_L1_mean"", ""H_L1_variance"", ""H_L0.1_weight"", ""H_L0.1_mean"", ""H_L0.1_variance"", ""H_L0.01_weight"", ""H_L0.01_mean"", ""H_L0.01_variance"", ""HH_L5_weight"", ""HH_L5_mean"", ""HH_L5_std"", ""HH_L5_magnitude"", ""HH_L5_radius"", ""HH_L5_covariance"", ""HH_L5_pcc"", ""HH_L3_weight"", ""HH_L3_mean"", ""HH_L3_std"", ""HH_L3_magnitude"", ""HH_L3_radius"", ""HH_L3_covariance"", ""HH_L3_pcc"", ""HH_L1_weight"", ""HH_L1_mean"", ""HH_L1_std"", ""HH_L1_magnitude"", ""HH_L1_radius"", ""HH_L1_covariance"", ""HH_L1_pcc"", ""HH_L0.1_weight"", ""HH_L0.1_mean"", ""HH_L0.1_std"", ""HH_L0.1_magnitude"", ""HH_L0.1_radius"", ""HH_L0.1_covariance"", ""HH_L0.1_pcc"", ""HH_L0.01_weight"", ""HH_L0.01_mean"", ""HH_L0.01_std"", ""HH_L0.01_magnitude"", ""HH_L0.01_radius"", ""HH_L0.01_covariance"", ""HH_L0.01_pcc"", ""HH_jit_L5_weight"", ""HH_jit_L5_mean"", ""HH_jit_L5_variance"", ""HH_jit_L3_weight"", ""HH_jit_L3_mean"", ""HH_jit_L3_variance"", ""HH_jit_L1_weight"", ""HH_jit_L1_mean"", ""HH_jit_L1_variance"", ""HH_jit_L0.1_weight"", ""HH_jit_L0.1_mean"", ""HH_jit_L0.1_variance"", ""HH_jit_L0.01_weight"", ""HH_jit_L0.01_mean"", ""HH_jit_L0.01_variance"", ""HpHp_L5_weight"", ""HpHp_L5_mean"", ""HpHp_L5_std"", ""HpHp_L5_magnitude"", ""HpHp_L5_radius"", ""HpHp_L5_covariance"", ""HpHp_L5_pcc"", ""HpHp_L3_weight"", ""HpHp_L3_mean"", ""HpHp_L3_std"", ""HpHp_L3_magnitude"", ""HpHp_L3_radius"", ""HpHp_L3_covariance"", ""HpHp_L3_pcc"", ""HpHp_L1_weight"", ""HpHp_L1_mean"", ""HpHp_L1_std"", ""HpHp_L1_magnitude"", ""HpHp_L1_radius"", ""HpHp_L1_covariance"", ""HpHp_L1_pcc"", ""HpHp_L0.1_weight"", ""HpHp_L0.1_mean"", ""HpHp_L0.1_std"", ""HpHp_L0.1_magnitude"", ""HpHp_L0.1_radius"", ""HpHp_L0.1_covariance"", ""HpHp_L0.1_pcc"", ""HpHp_L0.01_weight"", ""HpHp_L0.01_mean"", ""HpHp_L0.01_std"", ""HpHp_L0.01_magnitude"", ""HpHp_L0.01_radius"", ""HpHp_L0.01_covariance"", ""HpHp_L0.01_pcc""]",,,
55000,9,115,0.8859272727272727,0.8955777777777778,0.9219558647813196,0.8955777777777778,0.8881081981460464,0.8799312165520108,0.8730086997762685,25.731788300000517,0.7585635999994338,13.792065454535159,4691.7119140625,0.9107428571428571,0.3782,tcp,,,,,nb_attack_lgbm_weighted,attack,attack,lgbm,all,,True,Philips_B120N10_Baby_Monitor,390000,55000,"[""MI_dir_L5_weight"", ""MI_dir_L5_mean"", ""MI_dir_L5_variance"", ""MI_dir_L3_weight"", ""MI_dir_L3_mean"", ""MI_dir_L3_variance"", ""MI_dir_L1_weight"", ""MI_dir_L1_mean"", ""MI_dir_L1_variance"", ""MI_dir_L0.1_weight"", ""MI_dir_L0.1_mean"", ""MI_dir_L0.1_variance"", ""MI_dir_L0.01_weight"", ""MI_dir_L0.01_mean"", ""MI_dir_L0.01_variance"", ""H_L5_weight"", ""H_L5_mean"", ""H_L5_variance"", ""H_L3_weight"", ""H_L3_mean"", ""H_L3_variance"", ""H_L1_weight"", ""H_L1_mean"", ""H_L1_variance"", ""H_L0.1_weight"", ""H_L0.1_mean"", ""H_L0.1_variance"", ""H_L0.01_weight"", ""H_L0.01_mean"", ""H_L0.01_variance"", ""HH_L5_weight"", ""HH_L5_mean"", ""HH_L5_std"", ""HH_L5_magnitude"", ""HH_L5_radius"", ""HH_L5_covariance"", ""HH_L5_pcc"", ""HH_L3_weight"", ""HH_L3_mean"", ""HH_L3_std"", ""HH_L3_magnitude"", ""HH_L3_radius"", ""HH_L3_covariance"", ""HH_L3_pcc"", ""HH_L1_weight"", ""HH_L1_mean"", ""HH_L1_std"", ""HH_L1_magnitude"", ""HH_L1_radius"", ""HH_L1_covariance"", ""HH_L1_pcc"", ""HH_L0.1_weight"", ""HH_L0.1_mean"", ""HH_L0.1_std"", ""HH_L0.1_magnitude"", ""HH_L0.1_radius"", ""HH_L0.1_covariance"", ""HH_L0.1_pcc"", ""HH_L0.01_weight"", ""HH_L0.01_mean"", ""HH_L0.01_std"", ""HH_L0.01_magnitude"", ""HH_L0.01_radius"", ""HH_L0.01_covariance"", ""HH_L0.01_pcc"", ""HH_jit_L5_weight"", ""HH_jit_L5_mean"", ""HH_jit_L5_variance"", ""HH_jit_L3_weight"", ""HH_jit_L3_mean"", ""HH_jit_L3_variance"", ""HH_jit_L1_weight"", ""HH_jit_L1_mean"", ""HH_jit_L1_variance"", ""HH_jit_L0.1_weight"", ""HH_jit_L0.1_mean"", ""HH_jit_L0.1_variance"", ""HH_jit_L0.01_weight"", ""HH_jit_L0.01_mean"", ""HH_jit_L0.01_variance"", ""HpHp_L5_weight"", ""HpHp_L5_mean"", ""HpHp_L5_std"", ""HpHp_L5_magnitude"", ""HpHp_L5_radius"", ""HpHp_L5_covariance"", ""HpHp_L5_pcc"", ""HpHp_L3_weight"", ""HpHp_L3_mean"", ""HpHp_L3_std"", ""HpHp_L3_magnitude"", ""HpHp_L3_radius"", ""HpHp_L3_covariance"", ""HpHp_L3_pcc"", ""HpHp_L1_weight"", ""HpHp_L1_mean"", ""HpHp_L1_std"", ""HpHp_L1_magnitude"", ""HpHp_L1_radius"", ""HpHp_L1_covariance"", ""HpHp_L1_pcc"", ""HpHp_L0.1_weight"", ""HpHp_L0.1_mean"", ""HpHp_L0.1_std"", ""HpHp_L0.1_magnitude"", ""HpHp_L0.1_radius"", ""HpHp_L0.1_covariance"", ""HpHp_L0.1_pcc"", ""HpHp_L0.01_weight"", ""HpHp_L0.01_mean"", ""HpHp_L0.01_std"", ""HpHp_L0.01_magnitude"", ""HpHp_L0.01_radius"", ""HpHp_L0.01_covariance"", ""HpHp_L0.01_pcc""]",0.992126626765432,0.9381495653023736,0.9271566907640335
55000,9,115,0.8947272727272727,0.8713444444444444,0.9389833389343747,0.8713444444444444,0.8526473714184148,0.8585216973597254,0.8872953689278799,26.030076799999733,0.7937369999999646,14.431581818181174,4527.7373046875,0.8346000000000001,0.0014,tcp,,,,,nb_attack_lgbm_weighted,attack,attack,lgbm,all,,True,Provision_PT_737E_Security_Camera,390000,55000,"[""MI_dir_L5_weight"", ""MI_dir_L5_mean"", ""MI_dir_L5_variance"", ""MI_dir_L3_weight"", ""MI_dir_L3_mean"", ""MI_dir_L3_variance"", ""MI_dir_L1_weight"", ""MI_dir_L1_mean"", ""MI_dir_L1_variance"", ""MI_dir_L0.1_weight"", ""MI_dir_L0.1_mean"", ""MI_dir_L0.1_variance"", ""MI_dir_L0.01_weight"", ""MI_dir_L0.01_mean"", ""MI_dir_L0.01_variance"", ""H_L5_weight"", ""H_L5_mean"", ""H_L5_variance"", ""H_L3_weight"", ""H_L3_mean"", ""H_L3_variance"", ""H_L1_weight"", ""H_L1_mean"", ""H_L1_variance"", ""H_L0.1_weight"", ""H_L0.1_mean"", ""H_L0.1_variance"", ""H_L0.01_weight"", ""H_L0.01_mean"", ""H_L0.01_variance"", ""HH_L5_weight"", ""HH_L5_mean"", ""HH_L5_std"", ""HH_L5_magnitude"", ""HH_L5_radius"", ""HH_L5_covariance"", ""HH_L5_pcc"", ""HH_L3_weight"", ""HH_L3_mean"", ""HH_L3_std"", ""HH_L3_magnitude"", ""HH_L3_radius"", ""HH_L3_covariance"", ""HH_L3_pcc"", ""HH_L1_weight"", ""HH_L1_mean"", ""HH_L1_std"", ""HH_L1_magnitude"", ""HH_L1_radius"", ""HH_L1_covariance"", ""HH_L1_pcc"", ""HH_L0.1_weight"", ""HH_L0.1_mean"", ""HH_L0.1_std"", ""HH_L0.1_magnitude"", ""HH_L0.1_radius"", ""HH_L0.1_covariance"", ""HH_L0.1_pcc"", ""HH_L0.01_weight"", ""HH_L0.01_mean"", ""HH_L0.01_std"", ""HH_L0.01_magnitude"", ""HH_L0.01_radius"", ""HH_L0.01_covariance"", ""HH_L0.01_pcc"", ""HH_jit_L5_weight"", ""HH_jit_L5_mean"", ""HH_jit_L5_variance"", ""HH_jit_L3_weight"", ""HH_jit_L3_mean"", ""HH_jit_L3_variance"", ""HH_jit_L1_weight"", ""HH_jit_L1_mean"", ""HH_jit_L1_variance"", ""HH_jit_L0.1_weight"", ""HH_jit_L0.1_mean"", ""HH_jit_L0.1_variance"", ""HH_jit_L0.01_weight"", ""HH_jit_L0.01_mean"", ""HH_jit_L0.01_variance"", ""HpHp_L5_weight"", ""HpHp_L5_mean"", ""HpHp_L5_std"", ""HpHp_L5_magnitude"", ""HpHp_L5_radius"", ""HpHp_L5_covariance"", ""HpHp_L5_pcc"", ""HpHp_L3_weight"", ""HpHp_L3_mean"", ""HpHp_L3_std"", ""HpHp_L3_magnitude"", ""HpHp_L3_radius"", ""HpHp_L3_covariance"", ""HpHp_L3_pcc"", ""HpHp_L1_weight"", ""HpHp_L1_mean"", ""HpHp_L1_std"", ""HpHp_L1_magnitude"", ""HpHp_L1_radius"", ""HpHp_L1_covariance"", ""HpHp_L1_pcc"", ""HpHp_L0.1_weight"", ""HpHp_L0.1_mean"", ""HpHp_L0.1_std"", ""HpHp_L0.1_magnitude"", ""HpHp_L0.1_radius"", ""HpHp_L0.1_covariance"", ""HpHp_L0.1_pcc"", ""HpHp_L0.01_weight"", ""HpHp_L0.01_mean"", ""HpHp_L0.01_std"", ""HpHp_L0.01_magnitude"", ""HpHp_L0.01_radius"", ""HpHp_L0.01_covariance"", ""HpHp_L0.01_pcc""]",0.9913316901234567,0.9257193515513017,0.9240989470403324
55000,9,115,0.9997818181818182,0.9997555555555555,0.9998222576995143,0.9997555555555555,0.9997888366120782,0.9997817890421562,0.9997509576180386,26.550658000000112,0.7914455000000089,14.389918181818343,4811.921875,0.9997142857142858,0.9984,tcp,,,,,nb_attack_lgbm_weighted,attack,attack,lgbm,all,,True,Provision_PT_838_Security_Camera,390000,55000,"[""MI_dir_L5_weight"", ""MI_dir_L5_mean"", ""MI_dir_L5_variance"", ""MI_dir_L3_weight"", ""MI_dir_L3_mean"", ""MI_dir_L3_variance"", ""MI_dir_L1_weight"", ""MI_dir_L1_mean"", ""MI_dir_L1_variance"", ""MI_dir_L0.1_weight"", ""MI_dir_L0.1_mean"", ""MI_dir_L0.1_variance"", ""MI_dir_L0.01_weight"", ""MI_dir_L0.01_mean"", ""MI_dir_L0.01_variance"", ""H_L5_weight"", ""H_L5_mean"", ""H_L5_variance"", ""H_L3_weight"", ""H_L3_mean"", ""H_L3_variance"", ""H_L1_weight"", ""H_L1_mean"", ""H_L1_variance"", ""H_L0.1_weight"", ""H_L0.1_mean"", ""H_L0.1_variance"", ""H_L0.01_weight"", ""H_L0.01_mean"", ""H_L0.01_variance"", ""HH_L5_weight"", ""HH_L5_mean"", ""HH_L5_std"", ""HH_L5_magnitude"", ""HH_L5_radius"", ""HH_L5_covariance"", ""HH_L5_pcc"", ""HH_L3_weight"", ""HH_L3_mean"", ""HH_L3_std"", ""HH_L3_magnitude"", ""HH_L3_radius"", ""HH_L3_covariance"", ""HH_L3_pcc"", ""HH_L1_weight"", ""HH_L1_mean"", ""HH_L1_std"", ""HH_L1_magnitude"", ""HH_L1_radius"", ""HH_L1_covariance"", ""HH_L1_pcc"", ""HH_L0.1_weight"", ""HH_L0.1_mean"", ""HH_L0.1_std"", ""HH_L0.1_magnitude"", ""HH_L0.1_radius"", ""HH_L0.1_covariance"", ""HH_L0.1_pcc"", ""HH_L0.01_weight"", ""HH_L0.01_mean"", ""HH_L0.01_std"", ""HH_L0.01_magnitude"", ""HH_L0.01_radius"", ""HH_L0.01_covariance"", ""HH_L0.01_pcc"", ""HH_jit_L5_weight"", ""HH_jit_L5_mean"", ""HH_jit_L5_variance"", ""HH_jit_L3_weight"", ""HH_jit_L3_mean"", ""HH_jit_L3_variance"", ""HH_jit_L1_weight"", ""HH_jit_L1_mean"", ""HH_jit_L1_variance"", ""HH_jit_L0.1_weight"", ""HH_jit_L0.1_mean"", ""HH_jit_L0.1_variance"", ""HH_jit_L0.01_weight"", ""HH_jit_L0.01_mean"", ""HH_jit_L0.01_variance"", ""HpHp_L5_weight"", ""HpHp_L5_mean"", ""HpHp_L5_std"", ""HpHp_L5_magnitude"", ""HpHp_L5_radius"", ""HpHp_L5_covariance"", ""HpHp_L5_pcc"", ""HpHp_L3_weight"", ""HpHp_L3_mean"", ""HpHp_L3_std"", ""HpHp_L3_magnitude"", ""HpHp_L3_radius"", ""HpHp_L3_covariance"", ""HpHp_L3_pcc"", ""HpHp_L1_weight"", ""HpHp_L1_mean"", ""HpHp_L1_std"", ""HpHp_L1_magnitude"", ""HpHp_L1_radius"", ""HpHp_L1_covariance"", ""HpHp_L1_pcc"", ""HpHp_L0.1_weight"", ""HpHp_L0.1_mean"", ""HpHp_L0.1_std"", ""HpHp_L0.1_magnitude"", ""HpHp_L0.1_radius"", ""HpHp_L0.1_covariance"", ""HpHp_L0.1_pcc"", ""HpHp_L0.01_weight"", ""HpHp_L0.01_mean"", ""HpHp_L0.01_std"", ""HpHp_L0.01_magnitude"", ""HpHp_L0.01_radius"", ""HpHp_L0.01_covariance"", ""HpHp_L0.01_pcc""]",0.9999861878518518,0.9998667977832822,0.9998547236024322
30000,9,115,0.9908333333333333,0.9908333333333333,0.9912975712398437,0.9908333333333333,0.9908266452905679,0.9908266452905679,0.9890968584256581,28.170858000000408,0.38459810000040306,12.819936666680103,4784.6123046875,0.9908333333333333,0.9456,tcp,,,,,nb_attack_lgbm_weighted,attack,attack,lgbm,all,,True,Samsung_SNH_1011_N_Webcam,415000,30000,"[""MI_dir_L5_weight"", ""MI_dir_L5_mean"", ""MI_dir_L5_variance"", ""MI_dir_L3_weight"", ""MI_dir_L3_mean"", ""MI_dir_L3_variance"", ""MI_dir_L1_weight"", ""MI_dir_L1_mean"", ""MI_dir_L1_variance"", ""MI_dir_L0.1_weight"", ""MI_dir_L0.1_mean"", ""MI_dir_L0.1_variance"", ""MI_dir_L0.01_weight"", ""MI_dir_L0.01_mean"", ""MI_dir_L0.01_variance"", ""H_L5_weight"", ""H_L5_mean"", ""H_L5_variance"", ""H_L3_weight"", ""H_L3_mean"", ""H_L3_variance"", ""H_L1_weight"", ""H_L1_mean"", ""H_L1_variance"", ""H_L0.1_weight"", ""H_L0.1_mean"", ""H_L0.1_variance"", ""H_L0.01_weight"", ""H_L0.01_mean"", ""H_L0.01_variance"", ""HH_L5_weight"", ""HH_L5_mean"", ""HH_L5_std"", ""HH_L5_magnitude"", ""HH_L5_radius"", ""HH_L5_covariance"", ""HH_L5_pcc"", ""HH_L3_weight"", ""HH_L3_mean"", ""HH_L3_std"", ""HH_L3_magnitude"", ""HH_L3_radius"", ""HH_L3_covariance"", ""HH_L3_pcc"", ""HH_L1_weight"", ""HH_L1_mean"", ""HH_L1_std"", ""HH_L1_magnitude"", ""HH_L1_radius"", ""HH_L1_covariance"", ""HH_L1_pcc"", ""HH_L0.1_weight"", ""HH_L0.1_mean"", ""HH_L0.1_std"", ""HH_L0.1_magnitude"", ""HH_L0.1_radius"", ""HH_L0.1_covariance"", ""HH_L0.1_pcc"", ""HH_L0.01_weight"", ""HH_L0.01_mean"", ""HH_L0.01_std"", ""HH_L0.01_magnitude"", ""HH_L0.01_radius"", ""HH_L0.01_covariance"", ""HH_L0.01_pcc"", ""HH_jit_L5_weight"", ""HH_jit_L5_mean"", ""HH_jit_L5_variance"", ""HH_jit_L3_weight"", ""HH_jit_L3_mean"", ""HH_jit_L3_variance"", ""HH_jit_L1_weight"", ""HH_jit_L1_mean"", ""HH_jit_L1_variance"", ""HH_jit_L0.1_weight"", ""HH_jit_L0.1_mean"", ""HH_jit_L0.1_variance"", ""HH_jit_L0.01_weight"", ""HH_jit_L0.01_mean"", ""HH_jit_L0.01_variance"", ""HpHp_L5_weight"", ""HpHp_L5_mean"", ""HpHp_L5_std"", ""HpHp_L5_magnitude"", ""HpHp_L5_radius"", ""HpHp_L5_covariance"", ""HpHp_L5_pcc"", ""HpHp_L3_weight"", ""HpHp_L3_mean"", ""HpHp_L3_std"", ""HpHp_L3_magnitude"", ""HpHp_L3_radius"", ""HpHp_L3_covariance"", ""HpHp_L3_pcc"", ""HpHp_L1_weight"", ""HpHp_L1_mean"", ""HpHp_L1_std"", ""HpHp_L1_magnitude"", ""HpHp_L1_radius"", ""HpHp_L1_covariance"", ""HpHp_L1_pcc"", ""HpHp_L0.1_weight"", ""HpHp_L0.1_mean"", ""HpHp_L0.1_std"", ""HpHp_L0.1_magnitude"", ""HpHp_L0.1_radius"", ""HpHp_L0.1_covariance"", ""HpHp_L0.1_pcc"", ""HpHp_L0.01_weight"", ""HpHp_L0.01_mean"", ""HpHp_L0.01_std"", ""HpHp_L0.01_magnitude"", ""HpHp_L0.01_radius"", ""HpHp_L0.01_covariance"", ""HpHp_L0.01_pcc""]",,,
55000,9,115,0.9996727272727273,0.9996111111111112,0.9997779053866463,0.9996111111111112,0.9996943412571804,0.9996726757862798,0.9996264509443987,26.374179899999945,0.7972743999998784,14.49589818181597,4867.2958984375,0.9995142857142857,0.9982,benign,,,,,nb_attack_lgbm_weighted,attack,attack,lgbm,all,,True,SimpleHome_XCS7_1002_WHT_Security_Camera,390000,55000,"[""MI_dir_L5_weight"", ""MI_dir_L5_mean"", ""MI_dir_L5_variance"", ""MI_dir_L3_weight"", ""MI_dir_L3_mean"", ""MI_dir_L3_variance"", ""MI_dir_L1_weight"", ""MI_dir_L1_mean"", ""MI_dir_L1_variance"", ""MI_dir_L0.1_weight"", ""MI_dir_L0.1_mean"", ""MI_dir_L0.1_variance"", ""MI_dir_L0.01_weight"", ""MI_dir_L0.01_mean"", ""MI_dir_L0.01_variance"", ""H_L5_weight"", ""H_L5_mean"", ""H_L5_variance"", ""H_L3_weight"", ""H_L3_mean"", ""H_L3_variance"", ""H_L1_weight"", ""H_L1_mean"", ""H_L1_variance"", ""H_L0.1_weight"", ""H_L0.1_mean"", ""H_L0.1_variance"", ""H_L0.01_weight"", ""H_L0.01_mean"", ""H_L0.01_variance"", ""HH_L5_weight"", ""HH_L5_mean"", ""HH_L5_std"", ""HH_L5_magnitude"", ""HH_L5_radius"", ""HH_L5_covariance"", ""HH_L5_pcc"", ""HH_L3_weight"", ""HH_L3_mean"", ""HH_L3_std"", ""HH_L3_magnitude"", ""HH_L3_radius"", ""HH_L3_covariance"", ""HH_L3_pcc"", ""HH_L1_weight"", ""HH_L1_mean"", ""HH_L1_std"", ""HH_L1_magnitude"", ""HH_L1_radius"", ""HH_L1_covariance"", ""HH_L1_pcc"", ""HH_L0.1_weight"", ""HH_L0.1_mean"", ""HH_L0.1_std"", ""HH_L0.1_magnitude"", ""HH_L0.1_radius"", ""HH_L0.1_covariance"", ""HH_L0.1_pcc"", ""HH_L0.01_weight"", ""HH_L0.01_mean"", ""HH_L0.01_std"", ""HH_L0.01_magnitude"", ""HH_L0.01_radius"", ""HH_L0.01_covariance"", ""HH_L0.01_pcc"", ""HH_jit_L5_weight"", ""HH_jit_L5_mean"", ""HH_jit_L5_variance"", ""HH_jit_L3_weight"", ""HH_jit_L3_mean"", ""HH_jit_L3_variance"", ""HH_jit_L1_weight"", ""HH_jit_L1_mean"", ""HH_jit_L1_variance"", ""HH_jit_L0.1_weight"", ""HH_jit_L0.1_mean"", ""HH_jit_L0.1_variance"", ""HH_jit_L0.01_weight"", ""HH_jit_L0.01_mean"", ""HH_jit_L0.01_variance"", ""HpHp_L5_weight"", ""HpHp_L5_mean"", ""HpHp_L5_std"", ""HpHp_L5_magnitude"", ""HpHp_L5_radius"", ""HpHp_L5_covariance"", ""HpHp_L5_pcc"", ""HpHp_L3_weight"", ""HpHp_L3_mean"", ""HpHp_L3_std"", ""HpHp_L3_magnitude"", ""HpHp_L3_radius"", ""HpHp_L3_covariance"", ""HpHp_L3_pcc"", ""HpHp_L1_weight"", ""HpHp_L1_mean"", ""HpHp_L1_std"", ""HpHp_L1_magnitude"", ""HpHp_L1_radius"", ""HpHp_L1_covariance"", ""HpHp_L1_pcc"", ""HpHp_L0.1_weight"", ""HpHp_L0.1_mean"", ""HpHp_L0.1_std"", ""HpHp_L0.1_magnitude"", ""HpHp_L0.1_radius"", ""HpHp_L0.1_covariance"", ""HpHp_L0.1_pcc"", ""HpHp_L0.01_weight"", ""HpHp_L0.01_mean"", ""HpHp_L0.01_std"", ""HpHp_L0.01_magnitude"", ""HpHp_L0.01_radius"", ""HpHp_L0.01_covariance"", ""HpHp_L0.01_pcc""]",0.9999866871604939,0.9998779355512235,0.9998638599357642
55000,9,115,0.9070181818181818,0.8876555555555556,0.9465436811110265,0.8876555555555556,0.8650099392167603,0.8708457840347108,0.901602636235729,25.703401400000075,0.7205416999995577,13.100758181810141,4609.8798828125,0.8572285714285715,0.0014,tcp,,,,,nb_attack_lgbm_weighted,attack,attack,lgbm,all,,True,SimpleHome_XCS7_1003_WHT_Security_Camera,390000,55000,"[""MI_dir_L5_weight"", ""MI_dir_L5_mean"", ""MI_dir_L5_variance"", ""MI_dir_L3_weight"", ""MI_dir_L3_mean"", ""MI_dir_L3_variance"", ""MI_dir_L1_weight"", ""MI_dir_L1_mean"", ""MI_dir_L1_variance"", ""MI_dir_L0.1_weight"", ""MI_dir_L0.1_mean"", ""MI_dir_L0.1_variance"", ""MI_dir_L0.01_weight"", ""MI_dir_L0.01_mean"", ""MI_dir_L0.01_variance"", ""H_L5_weight"", ""H_L5_mean"", ""H_L5_variance"", ""H_L3_weight"", ""H_L3_mean"", ""H_L3_variance"", ""H_L1_weight"", ""H_L1_mean"", ""H_L1_variance"", ""H_L0.1_weight"", ""H_L0.1_mean"", ""H_L0.1_variance"", ""H_L0.01_weight"", ""H_L0.01_mean"", ""H_L0.01_variance"", ""HH_L5_weight"", ""HH_L5_mean"", ""HH_L5_std"", ""HH_L5_magnitude"", ""HH_L5_radius"", ""HH_L5_covariance"", ""HH_L5_pcc"", ""HH_L3_weight"", ""HH_L3_mean"", ""HH_L3_std"", ""HH_L3_magnitude"", ""HH_L3_radius"", ""HH_L3_covariance"", ""HH_L3_pcc"", ""HH_L1_weight"", ""HH_L1_mean"", ""HH_L1_std"", ""HH_L1_magnitude"", ""HH_L1_radius"", ""HH_L1_covariance"", ""HH_L1_pcc"", ""HH_L0.1_weight"", ""HH_L0.1_mean"", ""HH_L0.1_std"", ""HH_L0.1_magnitude"", ""HH_L0.1_radius"", ""HH_L0.1_covariance"", ""HH_L0.1_pcc"", ""HH_L0.01_weight"", ""HH_L0.01_mean"", ""HH_L0.01_std"", ""HH_L0.01_magnitude"", ""HH_L0.01_radius"", ""HH_L0.01_covariance"", ""HH_L0.01_pcc"", ""HH_jit_L5_weight"", ""HH_jit_L5_mean"", ""HH_jit_L5_variance"", ""HH_jit_L3_weight"", ""HH_jit_L3_mean"", ""HH_jit_L3_variance"", ""HH_jit_L1_weight"", ""HH_jit_L1_mean"", ""HH_jit_L1_variance"", ""HH_jit_L0.1_weight"", ""HH_jit_L0.1_mean"", ""HH_jit_L0.1_variance"", ""HH_jit_L0.01_weight"", ""HH_jit_L0.01_mean"", ""HH_jit_L0.01_variance"", ""HpHp_L5_weight"", ""HpHp_L5_mean"", ""HpHp_L5_std"", ""HpHp_L5_magnitude"", ""HpHp_L5_radius"", ""HpHp_L5_covariance"", ""HpHp_L5_pcc"", ""HpHp_L3_weight"", ""HpHp_L3_mean"", ""HpHp_L3_std"", ""HpHp_L3_magnitude"", ""HpHp_L3_radius"", ""HpHp_L3_covariance"", ""HpHp_L3_pcc"", ""HpHp_L1_weight"", ""HpHp_L1_mean"", ""HpHp_L1_std"", ""HpHp_L1_magnitude"", ""HpHp_L1_radius"", ""HpHp_L1_covariance"", ""HpHp_L1_pcc"", ""HpHp_L0.1_weight"", ""HpHp_L0.1_mean"", ""HpHp_L0.1_std"", ""HpHp_L0.1_magnitude"", ""HpHp_L0.1_radius"", ""HpHp_L0.1_covariance"", ""HpHp_L0.1_pcc"", ""HpHp_L0.01_weight"", ""HpHp_L0.01_mean"", ""HpHp_L0.01_std"", ""HpHp_L0.01_magnitude"", ""HpHp_L0.01_radius"", ""HpHp_L0.01_covariance"", ""HpHp_L0.01_pcc""]",0.9913809396049381,0.926088248835162,0.9244105483824101
55000,9,40,0.9843818181818181,0.9809222222222223,0.9842267466834232,0.9809222222222223,0.9813433139084687,0.9842966139786744,0.9823872178891224,14.93140190000031,0.7430425999991712,13.509865454530384,5221.5693359375,0.9754857142857143,0.8476,combo,,,,,nb_attack_lgbm_mi_top40_weighted,attack,attack,lgbm,mi,40.0,True,Danmini_Doorbell,390000,55000,"[""MI_dir_L0.01_mean"", ""H_L0.01_mean"", ""H_L0.01_variance"", ""MI_dir_L0.01_variance"", ""H_L0.1_mean"", ""MI_dir_L0.1_mean"", ""H_L0.1_variance"", ""MI_dir_L0.1_variance"", ""HH_jit_L0.1_mean"", ""HH_jit_L1_mean"", ""HH_jit_L0.01_mean"", ""H_L1_weight"", ""MI_dir_L1_weight"", ""MI_dir_L1_mean"", ""H_L1_mean"", ""HH_L0.01_magnitude"", ""H_L3_mean"", ""HH_L0.1_magnitude"", ""MI_dir_L3_mean"", ""HH_jit_L3_mean"", ""HH_jit_L5_mean"", ""MI_dir_L5_mean"", ""H_L5_mean"", ""HH_L1_magnitude"", ""HH_L3_magnitude"", ""HH_L5_magnitude"", ""H_L0.1_weight"", ""MI_dir_L0.1_weight"", ""H_L1_variance"", ""MI_dir_L1_variance"", ""MI_dir_L3_weight"", ""H_L3_weight"", ""HH_L0.01_mean"", ""HH_L0.1_mean"", ""H_L3_variance"", ""MI_dir_L3_variance"", ""H_L5_variance"", ""MI_dir_L5_variance"", ""HH_L1_mean"", ""HH_jit_L1_weight""]",0.9990218238024693,0.9925241762268553,0.9934518504481273
55000,9,40,0.9639454545454545,0.9580777777777778,0.9785635153893624,0.9580777777777778,0.9640187095328387,0.9622161227653298,0.9597000222481871,13.081236699999863,0.7609554999999091,13.835554545452894,5289.048828125,0.9488571428571427,0.665,tcp,,,,,nb_attack_lgbm_mi_top40_weighted,attack,attack,lgbm,mi,40.0,True,Ecobee_Thermostat,390000,55000,"[""H_L0.01_mean"", ""MI_dir_L0.01_mean"", ""MI_dir_L0.01_variance"", ""H_L0.01_variance"", ""MI_dir_L0.1_mean"", ""H_L0.1_mean"", ""H_L0.1_variance"", ""MI_dir_L0.1_variance"", ""HH_jit_L0.1_mean"", ""HH_jit_L1_mean"", ""HH_jit_L0.01_mean"", ""MI_dir_L1_mean"", ""H_L1_mean"", ""H_L1_weight"", ""MI_dir_L1_weight"", ""H_L3_mean"", ""MI_dir_L3_mean"", ""HH_jit_L3_mean"", ""HH_jit_L5_mean"", ""HH_L0.01_magnitude"", ""HH_L0.1_magnitude"", ""H_L5_mean"", ""MI_dir_L5_mean"", ""HH_L1_magnitude"", ""H_L0.1_weight"", ""MI_dir_L0.1_weight"", ""HH_L3_magnitude"", ""HH_L5_magnitude"", ""H_L1_variance"", ""MI_dir_L1_variance"", ""MI_dir_L3_weight"", ""H_L3_weight"", ""HH_L0.01_mean"", ""HH_L0.1_mean"", ""H_L3_variance"", ""MI_dir_L3_variance"", ""H_L5_variance"", ""MI_dir_L5_variance"", ""HH_L1_mean"", ""HH_L1_weight""]",0.9968655408888889,0.972300927475217,0.9700342510752837
30000,9,40,0.9065,0.9065,0.940013072196546,0.9065,0.8985520133138091,0.8985520133138091,0.8972388382029526,13.766394199999922,0.426245800000288,14.208193333342933,5620.470703125,0.9065,0.4396,tcp,,,,,nb_attack_lgbm_mi_top40_weighted,attack,attack,lgbm,mi,40.0,True,Ennio_Doorbell,415000,30000,"[""MI_dir_L0.01_mean"", ""H_L0.01_mean"", ""MI_dir_L0.01_variance"", ""H_L0.01_variance"", ""MI_dir_L0.1_mean"", ""H_L0.1_mean"", ""MI_dir_L0.1_variance"", ""H_L0.1_variance"", ""HH_jit_L0.1_mean"", ""HH_jit_L1_mean"", ""MI_dir_L1_mean"", ""H_L1_mean"", ""HH_jit_L0.01_mean"", ""MI_dir_L1_weight"", ""H_L1_weight"", ""MI_dir_L3_mean"", ""H_L3_mean"", ""HH_jit_L3_mean"", ""HH_L0.01_magnitude"", ""HH_jit_L5_mean"", ""HH_L0.1_magnitude"", ""MI_dir_L5_mean"", ""H_L5_mean"", ""HH_L1_magnitude"", ""HH_L3_magnitude"", ""HH_L5_magnitude"", ""MI_dir_L1_variance"", ""H_L1_variance"", ""MI_dir_L0.1_weight"", ""H_L0.1_weight"", ""HH_L0.01_mean"", ""H_L3_weight"", ""MI_dir_L3_weight"", ""HH_L0.1_mean"", ""H_L3_variance"", ""MI_dir_L3_variance"", ""H_L5_variance"", ""MI_dir_L5_variance"", ""HH_L1_mean"", ""HH_L0.01_std""]",,,
55000,9,40,0.9193272727272728,0.9029444444444444,0.9480841236205819,0.9029444444444444,0.9058693366992784,0.9101292910746894,0.9110647226223028,13.194527200000266,0.7553745999994135,13.734083636352972,5523.185546875,0.8772,0.3782,tcp,,,,,nb_attack_lgbm_mi_top40_weighted,attack,attack,lgbm,mi,40.0,True,Philips_B120N10_Baby_Monitor,390000,55000,"[""H_L0.01_mean"", ""MI_dir_L0.01_mean"", ""H_L0.01_variance"", ""MI_dir_L0.01_variance"", ""H_L0.1_mean"", ""MI_dir_L0.1_mean"", ""H_L0.1_variance"", ""MI_dir_L0.1_variance"", ""HH_jit_L0.1_mean"", ""HH_jit_L1_mean"", ""HH_jit_L0.01_mean"", ""H_L1_mean"", ""MI_dir_L1_mean"", ""MI_dir_L1_weight"", ""H_L1_weight"", ""HH_jit_L3_mean"", ""MI_dir_L3_mean"", ""H_L3_mean"", ""HH_jit_L5_mean"", ""HH_L0.01_magnitude"", ""HH_L0.1_magnitude"", ""H_L5_mean"", ""MI_dir_L5_mean"", ""HH_L1_magnitude"", ""HH_L3_magnitude"", ""HH_L5_magnitude"", ""MI_dir_L1_variance"", ""H_L1_variance"", ""H_L3_weight"", ""MI_dir_L3_weight"", ""H_L0.1_weight"", ""MI_dir_L0.1_weight"", ""HH_L0.01_mean"", ""HH_L0.1_mean"", ""H_L3_variance"", ""MI_dir_L3_variance"", ""H_L5_variance"", ""MI_dir_L5_variance"", ""HH_L1_mean"", ""H_L5_weight""]",0.9926132471111111,0.9397189732177407,0.9381312089098094
55000,9,40,0.8949272727272727,0.871588888888889,0.9401867480696617,0.871588888888889,0.8533253906971693,0.858790439833858,0.8875697315985186,14.061444500000107,0.7560413999999582,13.746207272726513,5369.6123046875,0.8349142857142858,0.0014,tcp,,,,,nb_attack_lgbm_mi_top40_weighted,attack,attack,lgbm,mi,40.0,True,Provision_PT_737E_Security_Camera,390000,55000,"[""MI_dir_L0.01_mean"", ""H_L0.01_mean"", ""MI_dir_L0.01_variance"", ""H_L0.01_variance"", ""H_L0.1_mean"", ""MI_dir_L0.1_mean"", ""MI_dir_L0.1_variance"", ""H_L0.1_variance"", ""HH_jit_L0.1_mean"", ""HH_jit_L1_mean"", ""MI_dir_L1_weight"", ""H_L1_weight"", ""HH_jit_L0.01_mean"", ""MI_dir_L1_mean"", ""H_L1_mean"", ""HH_L0.01_magnitude"", ""HH_L0.1_magnitude"", ""H_L3_mean"", ""MI_dir_L3_mean"", ""HH_jit_L3_mean"", ""HH_jit_L5_mean"", ""H_L5_mean"", ""MI_dir_L5_mean"", ""HH_L1_magnitude"", ""H_L0.1_weight"", ""MI_dir_L0.1_weight"", ""HH_L3_magnitude"", ""HH_L5_magnitude"", ""MI_dir_L3_weight"", ""H_L3_weight"", ""HH_L0.01_mean"", ""MI_dir_L1_variance"", ""H_L1_variance"", ""HH_L0.1_mean"", ""H_L3_variance"", ""MI_dir_L3_variance"", ""H_L5_variance"", ""MI_dir_L5_variance"", ""HH_L1_mean"", ""HH_L1_weight""]",0.9912189926913579,0.9249130208954663,0.9234302960403973
55000,9,40,0.9983636363636363,0.9988777777777779,0.9981259411884797,0.9988777777777779,0.9984938037482591,0.9983662489743659,0.9981344335350429,14.175912499999868,0.7490032000005158,13.618240000009378,5574.0498046875,0.9996857142857143,0.9921,udp,,,,,nb_attack_lgbm_mi_top40_weighted,attack,attack,lgbm,mi,40.0,True,Provision_PT_838_Security_Camera,390000,55000,"[""MI_dir_L0.01_mean"", ""H_L0.01_mean"", ""H_L0.01_variance"", ""MI_dir_L0.01_variance"", ""H_L0.1_mean"", ""MI_dir_L0.1_mean"", ""MI_dir_L0.1_variance"", ""H_L0.1_variance"", ""HH_jit_L0.1_mean"", ""H_L1_weight"", ""MI_dir_L1_weight"", ""HH_jit_L1_mean"", ""H_L1_mean"", ""MI_dir_L1_mean"", ""HH_jit_L0.01_mean"", ""HH_L0.01_magnitude"", ""HH_L0.1_magnitude"", ""MI_dir_L3_mean"", ""H_L3_mean"", ""HH_jit_L3_mean"", ""HH_jit_L5_mean"", ""MI_dir_L5_mean"", ""H_L5_mean"", ""HH_L1_magnitude"", ""HH_L3_magnitude"", ""HH_L5_magnitude"", ""H_L0.1_weight"", ""MI_dir_L0.1_weight"", ""MI_dir_L3_weight"", ""H_L3_weight"", ""MI_dir_L1_variance"", ""H_L1_variance"", ""HH_L0.01_mean"", ""HH_L0.1_mean"", ""H_L3_variance"", ""MI_dir_L3_variance"", ""H_L5_variance"", ""MI_dir_L5_variance"", ""HH_L1_mean"", ""HH_L0.01_std""]",0.9999859696296297,0.9998653762935815,0.9998523975429376
30000,9,40,0.9801333333333333,0.9801333333333334,0.9812508933013379,0.9801333333333334,0.9801154008036405,0.9801154008036405,0.9763914582468501,14.945623600000545,0.38921879999998055,12.973959999999352,5465.5615234375,0.9801333333333334,0.9354,junk,,,,,nb_attack_lgbm_mi_top40_weighted,attack,attack,lgbm,mi,40.0,True,Samsung_SNH_1011_N_Webcam,415000,30000,"[""H_L0.01_mean"", ""MI_dir_L0.01_mean"", ""MI_dir_L0.01_variance"", ""H_L0.01_variance"", ""MI_dir_L0.1_mean"", ""H_L0.1_mean"", ""H_L0.1_variance"", ""MI_dir_L0.1_variance"", ""HH_jit_L0.1_mean"", ""MI_dir_L1_mean"", ""H_L1_mean"", ""HH_jit_L1_mean"", ""HH_jit_L0.01_mean"", ""MI_dir_L1_weight"", ""H_L1_weight"", ""MI_dir_L3_mean"", ""H_L3_mean"", ""HH_L0.01_magnitude"", ""HH_L0.1_magnitude"", ""HH_jit_L3_mean"", ""HH_jit_L5_mean"", ""H_L5_mean"", ""MI_dir_L5_mean"", ""HH_L1_magnitude"", ""HH_L3_magnitude"", ""HH_L5_magnitude"", ""MI_dir_L1_variance"", ""H_L1_variance"", ""H_L0.1_weight"", ""MI_dir_L0.1_weight"", ""HH_L0.01_mean"", ""MI_dir_L3_weight"", ""H_L3_weight"", ""HH_L0.1_mean"", ""MI_dir_L3_variance"", ""H_L3_variance"", ""MI_dir_L5_variance"", ""H_L5_variance"", ""HH_L1_mean"", ""HH_L0.01_std""]",,,
55000,9,40,0.9960909090909091,0.9952333333333334,0.9976379983741757,0.9952333333333334,0.9963753849314352,0.9960718813401017,0.9955524638231976,13.838901399999486,0.7436594999999215,13.521081818180392,5485.6025390625,0.9938857142857144,0.9588,benign,,,,,nb_attack_lgbm_mi_top40_weighted,attack,attack,lgbm,mi,40.0,True,SimpleHome_XCS7_1002_WHT_Security_Camera,390000,55000,"[""H_L0.01_mean"", ""MI_dir_L0.01_mean"", ""H_L0.01_variance"", ""MI_dir_L0.01_variance"", ""H_L0.1_mean"", ""MI_dir_L0.1_mean"", ""MI_dir_L0.1_variance"", ""H_L0.1_variance"", ""HH_jit_L0.1_mean"", ""HH_jit_L1_mean"", ""HH_jit_L0.01_mean"", ""MI_dir_L1_mean"", ""H_L1_mean"", ""MI_dir_L1_weight"", ""H_L1_weight"", ""H_L3_mean"", ""MI_dir_L3_mean"", ""HH_jit_L3_mean"", ""HH_jit_L5_mean"", ""HH_L0.01_magnitude"", ""HH_L0.1_magnitude"", ""H_L5_mean"", ""MI_dir_L5_mean"", ""HH_L1_magnitude"", ""HH_L3_magnitude"", ""H_L0.1_weight"", ""MI_dir_L0.1_weight"", ""HH_L5_magnitude"", ""H_L1_variance"", ""MI_dir_L1_variance"", ""MI_dir_L3_weight"", ""H_L3_weight"", ""HH_L0.01_mean"", ""HH_L0.1_mean"", ""MI_dir_L3_variance"", ""H_L3_variance"", ""H_L5_variance"", ""MI_dir_L5_variance"", ""HH_L1_mean"", ""HH_jit_L1_weight""]",0.9999878502716049,0.9998829451480948,0.9998723802674732
55000,9,40,0.8566,0.8272111111111111,0.9331575854090496,0.8272111111111111,0.8142597566136832,0.821823130503804,0.8491731689219177,13.829237599999942,0.7198080999996819,13.087419999994216,5335.4189453125,0.7810285714285715,0.0014,tcp,,,,,nb_attack_lgbm_mi_top40_weighted,attack,attack,lgbm,mi,40.0,True,SimpleHome_XCS7_1003_WHT_Security_Camera,390000,55000,"[""MI_dir_L0.01_mean"", ""H_L0.01_mean"", ""MI_dir_L0.01_variance"", ""H_L0.01_variance"", ""H_L0.1_mean"", ""MI_dir_L0.1_mean"", ""MI_dir_L0.1_variance"", ""H_L0.1_variance"", ""HH_jit_L0.1_mean"", ""HH_jit_L1_mean"", ""HH_jit_L0.01_mean"", ""H_L1_mean"", ""MI_dir_L1_mean"", ""MI_dir_L1_weight"", ""H_L1_weight"", ""MI_dir_L3_mean"", ""HH_jit_L3_mean"", ""H_L3_mean"", ""HH_L0.01_magnitude"", ""HH_jit_L5_mean"", ""HH_L0.1_magnitude"", ""MI_dir_L5_mean"", ""H_L5_mean"", ""HH_L1_magnitude"", ""MI_dir_L0.1_weight"", ""H_L0.1_weight"", ""HH_L3_magnitude"", ""HH_L5_magnitude"", ""H_L1_variance"", ""MI_dir_L1_variance"", ""H_L3_weight"", ""MI_dir_L3_weight"", ""HH_L0.01_mean"", ""HH_L0.1_mean"", ""H_L3_variance"", ""MI_dir_L3_variance"", ""H_L5_variance"", ""MI_dir_L5_variance"", ""HH_L1_mean"", ""HH_L0.01_std""]",0.9880529141234567,0.9201262250045075,0.9149194309122348
55000,9,40,0.9844,0.9809555555555556,0.9842259139100373,0.9809555555555556,0.9813723904759877,0.9843158578681129,0.982405722762401,13.860948600000484,0.7700400000003356,14.000727272733375,4817.478515625,0.9755428571428572,0.8482,combo,,,,,nb_attack_lgbm_importance_top40_weighted,attack,attack,lgbm,importance,40.0,True,Danmini_Doorbell,390000,55000,"[""HH_jit_L5_mean"", ""MI_dir_L1_weight"", ""MI_dir_L0.01_mean"", ""MI_dir_L5_weight"", ""MI_dir_L0.1_weight"", ""MI_dir_L0.01_weight"", ""MI_dir_L5_mean"", ""MI_dir_L0.01_variance"", ""MI_dir_L0.1_mean"", ""MI_dir_L0.1_variance"", ""MI_dir_L5_variance"", ""H_L0.01_weight"", ""MI_dir_L3_weight"", ""MI_dir_L1_mean"", ""HH_jit_L0.1_mean"", ""HH_jit_L0.01_variance"", ""HH_jit_L5_variance"", ""HH_jit_L3_variance"", ""HH_jit_L0.01_mean"", ""MI_dir_L3_mean"", ""MI_dir_L1_variance"", ""H_L0.01_variance"", ""HH_L0.1_weight"", ""HH_L0.01_magnitude"", ""MI_dir_L3_variance"", ""HH_jit_L0.1_variance"", ""HH_L5_weight"", ""HH_L0.01_mean"", ""HH_L0.01_radius"", ""HH_L0.1_magnitude"", ""HH_L5_magnitude"", ""HH_L0.01_std"", ""HH_L5_std"", ""HH_jit_L1_mean"", ""HH_L0.1_mean"", ""HH_L5_mean"", ""HH_L1_mean"", ""HH_L1_weight"", ""HH_L0.01_covariance"", ""HH_jit_L3_mean""]",0.999015262962963,0.9927783491666422,0.9936589045792961
55000,9,40,0.9678545454545454,0.9617111111111112,0.9818983324502424,0.9617111111111112,0.9675110927393801,0.9659754828481996,0.9641746004359653,13.800472800000534,0.7142714000001433,12.986752727275334,4388.521484375,0.9520571428571428,0.665,tcp,,,,,nb_attack_lgbm_importance_top40_weighted,attack,attack,lgbm,importance,40.0,True,Ecobee_Thermostat,390000,55000,"[""HH_jit_L5_mean"", ""MI_dir_L0.01_weight"", ""MI_dir_L5_weight"", ""MI_dir_L1_weight"", ""MI_dir_L0.1_weight"", ""MI_dir_L0.01_mean"", ""MI_dir_L5_mean"", ""MI_dir_L0.1_variance"", ""MI_dir_L0.1_mean"", ""MI_dir_L5_variance"", ""MI_dir_L0.01_variance"", ""MI_dir_L3_variance"", ""MI_dir_L1_mean"", ""MI_dir_L3_weight"", ""MI_dir_L1_variance"", ""HH_jit_L5_variance"", ""HH_L1_weight"", ""HH_jit_L3_variance"", ""HH_jit_L0.01_variance"", ""HH_jit_L0.01_mean"", ""HH_jit_L0.1_mean"", ""HH_jit_L0.1_variance"", ""HH_L5_magnitude"", ""HH_L0.01_covariance"", ""HH_L0.01_radius"", ""HH_L0.01_mean"", ""HH_L1_radius"", ""HH_L1_mean"", ""HH_jit_L1_mean"", ""HH_L0.1_mean"", ""HH_L5_mean"", ""MI_dir_L3_mean"", ""HpHp_L0.1_weight"", ""HH_L0.1_covariance"", ""HH_L3_weight"", ""HH_L0.01_std"", ""H_L0.01_variance"", ""HH_L5_std"", ""HH_L5_weight"", ""H_L1_weight""]",0.9970732183209877,0.9732482662940496,0.9714365041517768
30000,9,40,0.9065,0.9065,0.940013072196546,0.9065,0.8985520133138091,0.8985520133138091,0.8972388382029526,15.012334600000031,0.38581470000008267,12.860490000002756,4627.384765625,0.9065,0.4396,tcp,,,,,nb_attack_lgbm_importance_top40_weighted,attack,attack,lgbm,importance,40.0,True,Ennio_Doorbell,415000,30000,"[""HH_jit_L5_mean"", ""MI_dir_L0.01_weight"", ""MI_dir_L5_mean"", ""MI_dir_L1_weight"", ""MI_dir_L0.1_mean"", ""MI_dir_L0.1_weight"", ""MI_dir_L5_weight"", ""MI_dir_L0.01_mean"", ""MI_dir_L0.01_variance"", ""MI_dir_L1_mean"", ""MI_dir_L0.1_variance"", ""HH_jit_L0.01_variance"", ""MI_dir_L3_weight"", ""MI_dir_L5_variance"", ""MI_dir_L1_variance"", ""HH_jit_L5_variance"", ""MI_dir_L3_mean"", ""HH_L0.01_radius"", ""HH_L1_weight"", ""HH_L0.01_covariance"", ""H_L0.01_mean"", ""HH_jit_L3_variance"", ""HH_jit_L0.1_mean"", ""HH_jit_L0.1_variance"", ""HH_jit_L1_mean"", ""HH_L0.1_covariance"", ""HH_L5_mean"", ""HH_L5_magnitude"", ""HH_jit_L1_variance"", ""MI_dir_L3_variance"", ""HH_jit_L0.01_mean"", ""HH_L3_weight"", ""HH_L0.1_mean"", ""HH_L0.1_std"", ""H_L0.01_weight"", ""HpHp_L5_magnitude"", ""HH_L0.1_weight"", ""HH_L1_radius"", ""HpHp_L5_weight"", ""HH_L5_weight""]",,,
55000,9,40,0.9308545454545455,0.9169222222222222,0.9589779080498642,0.9169222222222222,0.9202355444770716,0.9219150230529898,0.9240062754552907,14.230921499999567,0.7401900999993813,13.45800181817057,4503.1259765625,0.8950285714285714,0.3782,tcp,,,,,nb_attack_lgbm_importance_top40_weighted,attack,attack,lgbm,importance,40.0,True,Philips_B120N10_Baby_Monitor,390000,55000,"[""HH_jit_L5_mean"", ""MI_dir_L1_weight"", ""MI_dir_L0.1_weight"", ""MI_dir_L0.01_mean"", ""MI_dir_L5_mean"", ""MI_dir_L5_weight"", ""MI_dir_L0.01_weight"", ""MI_dir_L1_mean"", ""MI_dir_L0.01_variance"", ""MI_dir_L5_variance"", ""HH_jit_L0.01_variance"", ""H_L0.01_weight"", ""MI_dir_L0.1_variance"", ""MI_dir_L0.1_mean"", ""MI_dir_L3_weight"", ""HH_jit_L0.1_variance"", ""MI_dir_L1_variance"", ""HH_jit_L5_variance"", ""HH_L5_magnitude"", ""MI_dir_L3_mean"", ""HH_L5_weight"", ""MI_dir_L3_variance"", ""HH_L0.01_mean"", ""HH_jit_L0.01_mean"", ""HH_jit_L3_variance"", ""HH_L0.1_mean"", ""HH_L5_mean"", ""HH_L0.01_radius"", ""HH_jit_L0.1_mean"", ""HH_L1_weight"", ""HH_L0.1_weight"", ""HH_L0.01_covariance"", ""HpHp_L5_weight"", ""HH_L0.01_magnitude"", ""HH_L1_radius"", ""HH_L0.1_covariance"", ""HH_jit_L1_variance"", ""HH_jit_L1_mean"", ""HpHp_L0.1_weight"", ""HH_jit_L3_mean""]",0.9942641729382716,0.9497615029583871,0.9476463781075837
55000,9,40,0.8943272727272727,0.8708555555555555,0.9385146957499023,0.8708555555555555,0.8521525044740159,0.858119714209107,0.8868304986563808,13.856622599999355,0.70041239999955,12.734770909082727,4605.4375,0.8339714285714287,0.0014,tcp,,,,,nb_attack_lgbm_importance_top40_weighted,attack,attack,lgbm,importance,40.0,True,Provision_PT_737E_Security_Camera,390000,55000,"[""HH_jit_L5_mean"", ""MI_dir_L1_weight"", ""MI_dir_L0.1_weight"", ""MI_dir_L5_mean"", ""MI_dir_L5_weight"", ""MI_dir_L0.01_weight"", ""MI_dir_L0.01_mean"", ""MI_dir_L0.01_variance"", ""H_L0.01_weight"", ""MI_dir_L0.1_mean"", ""HH_jit_L5_variance"", ""MI_dir_L0.1_variance"", ""MI_dir_L5_variance"", ""MI_dir_L1_mean"", ""MI_dir_L3_mean"", ""MI_dir_L3_weight"", ""MI_dir_L1_variance"", ""HH_jit_L0.1_variance"", ""HH_jit_L0.01_variance"", ""HH_jit_L0.1_mean"", ""HH_L5_magnitude"", ""H_L0.01_variance"", ""HH_L0.01_covariance"", ""HH_L5_weight"", ""HH_L1_radius"", ""HH_L1_weight"", ""HH_L0.01_std"", ""HH_L5_std"", ""HH_L5_mean"", ""HH_jit_L3_variance"", ""HH_L0.1_mean"", ""HH_L0.1_covariance"", ""HH_jit_L1_mean"", ""MI_dir_L3_variance"", ""HH_L0.01_mean"", ""HH_jit_L0.01_mean"", ""HH_L0.01_pcc"", ""HH_L0.1_weight"", ""HH_L1_mean"", ""HH_L0.01_magnitude""]",0.9913109466666666,0.9256907011893458,0.9240670419215679
55000,9,40,0.9997636363636364,0.9997333333333334,0.999811156582961,0.9997333333333334,0.99977216911062,0.9997636067682242,0.9997302033116501,13.826183799999853,0.8260928999998214,15.019870909087661,4717.4755859375,0.9996857142857143,0.9984,tcp,,,,,nb_attack_lgbm_importance_top40_weighted,attack,attack,lgbm,importance,40.0,True,Provision_PT_838_Security_Camera,390000,55000,"[""HH_jit_L5_mean"", ""MI_dir_L0.1_weight"", ""MI_dir_L1_weight"", ""MI_dir_L0.01_mean"", ""MI_dir_L5_mean"", ""MI_dir_L5_weight"", ""MI_dir_L0.1_mean"", ""H_L0.01_weight"", ""MI_dir_L0.01_weight"", ""MI_dir_L0.01_variance"", ""MI_dir_L0.1_variance"", ""MI_dir_L1_mean"", ""MI_dir_L5_variance"", ""HH_L5_mean"", ""MI_dir_L3_mean"", ""MI_dir_L1_variance"", ""MI_dir_L3_weight"", ""HH_jit_L0.01_variance"", ""HH_L5_magnitude"", ""HH_L0.01_radius"", ""HH_jit_L3_variance"", ""HH_jit_L5_variance"", ""HH_L1_weight"", ""MI_dir_L3_variance"", ""HH_jit_L0.1_variance"", ""HH_jit_L0.1_mean"", ""HH_jit_L1_mean"", ""HH_L0.01_mean"", ""HH_L1_radius"", ""HH_L0.1_mean"", ""HH_L0.01_covariance"", ""HpHp_L0.1_weight"", ""HH_L0.1_covariance"", ""H_L0.01_variance"", ""HH_L5_weight"", ""HH_L0.01_std"", ""HH_L0.1_weight"", ""HH_jit_L0.01_mean"", ""HpHp_L5_weight"", ""HH_L5_radius""]",0.9999861891851852,0.9998668111166159,0.9998547345115234
30000,9,40,0.9805,0.9804999999999998,0.8413686917805631,0.8404285714285713,0.8404286308286897,0.9805000693001379,0.9768201877307373,15.316517599999315,0.4191822000002503,13.972740000008343,4834.439453125,0.9804999999999998,0.938,junk,,,,,nb_attack_lgbm_importance_top40_weighted,attack,attack,lgbm,importance,40.0,True,Samsung_SNH_1011_N_Webcam,415000,30000,"[""HH_jit_L5_mean"", ""MI_dir_L1_weight"", ""MI_dir_L0.01_mean"", ""MI_dir_L5_mean"", ""MI_dir_L0.1_weight"", ""MI_dir_L5_weight"", ""MI_dir_L0.01_weight"", ""MI_dir_L0.1_mean"", ""H_L0.01_weight"", ""MI_dir_L1_mean"", ""MI_dir_L0.1_variance"", ""MI_dir_L0.01_variance"", ""MI_dir_L1_variance"", ""HH_jit_L5_variance"", ""MI_dir_L3_weight"", ""MI_dir_L5_variance"", ""HH_jit_L0.01_variance"", ""MI_dir_L3_mean"", ""HH_L5_magnitude"", ""HH_jit_L0.1_mean"", ""MI_dir_L3_variance"", ""HpHp_L5_weight"", ""HH_jit_L3_variance"", ""HH_jit_L0.01_mean"", ""HH_L0.1_mean"", ""HH_L5_weight"", ""HH_L0.1_magnitude"", ""HH_jit_L1_mean"", ""HH_L5_mean"", ""HH_jit_L1_variance"", ""HH_L0.1_weight"", ""H_L0.01_variance"", ""HH_L0.1_covariance"", ""HH_L1_weight"", ""HH_jit_L0.1_variance"", ""HH_L0.01_radius"", ""HH_L0.01_mean"", ""HH_L1_radius"", ""HH_L0.01_magnitude"", ""HH_L5_radius""]",,,
55000,9,40,0.9997272727272727,0.9996777777777778,0.9998111787985547,0.9996777777777778,0.9997443866125596,0.9997272454038465,0.9996886984834117,14.319646699999794,0.7627779000004011,13.868689090916385,4678.1279296875,0.9995999999999999,0.9986,tcp,,,,,nb_attack_lgbm_importance_top40_weighted,attack,attack,lgbm,importance,40.0,True,SimpleHome_XCS7_1002_WHT_Security_Camera,390000,55000,"[""HH_jit_L5_mean"", ""MI_dir_L1_weight"", ""MI_dir_L5_weight"", ""MI_dir_L0.1_weight"", ""MI_dir_L0.01_weight"", ""MI_dir_L0.01_variance"", ""MI_dir_L5_mean"", ""MI_dir_L0.01_mean"", ""MI_dir_L0.1_mean"", ""H_L0.01_weight"", ""MI_dir_L0.1_variance"", ""MI_dir_L3_weight"", ""MI_dir_L5_variance"", ""MI_dir_L1_mean"", ""MI_dir_L1_variance"", ""HH_jit_L5_variance"", ""HH_jit_L0.1_variance"", ""MI_dir_L3_mean"", ""MI_dir_L3_variance"", ""HH_jit_L3_variance"", ""HH_jit_L0.1_mean"", ""HH_L5_mean"", ""HH_L5_magnitude"", ""HH_jit_L0.01_mean"", ""HH_L5_weight"", ""HH_L0.01_radius"", ""HH_L1_radius"", ""HH_L0.01_covariance"", ""HH_L1_weight"", ""HH_L3_weight"", ""HH_jit_L0.01_variance"", ""HH_L1_mean"", ""HH_jit_L1_mean"", ""HH_L0.01_std"", ""HH_L0.1_covariance"", ""HH_L5_std"", ""HH_L0.1_weight"", ""HH_L0.01_magnitude"", ""HpHp_L0.01_weight"", ""HpHp_L5_weight""]",0.9999879201975309,0.9998834789051012,0.9998729272399265
55000,9,40,0.8563818181818181,0.8266111111111112,0.9335483860541901,0.8266111111111112,0.8137481677707832,0.8214488902325164,0.8490351957741613,14.517151699999886,0.8565325999998095,15.573319999996533,4661.0400390625,0.7798285714285714,0.0014,tcp,,,,,nb_attack_lgbm_importance_top40_weighted,attack,attack,lgbm,importance,40.0,True,SimpleHome_XCS7_1003_WHT_Security_Camera,390000,55000,"[""HH_jit_L5_mean"", ""MI_dir_L1_weight"", ""MI_dir_L0.01_weight"", ""MI_dir_L0.1_weight"", ""MI_dir_L5_mean"", ""MI_dir_L0.01_mean"", ""MI_dir_L5_weight"", ""MI_dir_L0.1_mean"", ""MI_dir_L0.01_variance"", ""MI_dir_L1_mean"", ""MI_dir_L0.1_variance"", ""HH_jit_L0.01_variance"", ""MI_dir_L5_variance"", ""MI_dir_L3_mean"", ""HH_jit_L0.01_mean"", ""HH_jit_L0.1_variance"", ""HH_jit_L5_variance"", ""HH_L1_weight"", ""MI_dir_L3_weight"", ""MI_dir_L1_variance"", ""HH_jit_L0.1_mean"", ""HH_jit_L3_variance"", ""HH_L5_mean"", ""MI_dir_L3_variance"", ""HH_L1_radius"", ""HH_L0.01_covariance"", ""HH_L0.01_std"", ""H_L0.01_weight"", ""HH_L0.01_radius"", ""HH_L5_weight"", ""HH_jit_L1_mean"", ""HH_L5_magnitude"", ""HH_L0.01_mean"", ""H_L0.01_variance"", ""HH_L0.1_covariance"", ""HH_jit_L1_variance"", ""HH_L0.1_magnitude"", ""HH_L5_std"", ""HH_L0.01_magnitude"", ""HH_L0.1_mean""]",0.9876954413333334,0.9172306617327516,0.9124911814940105
